Date,Climate_ID,District,Temperature_C,Humidity_%,Rainfall_mm,Wind_Speed_kmh,Heat_Index
2021-01-01,1.0,Galle,26.9,77.9,2.4,13.5,
2021-01-02,2.0,Anuradhapura,29.7,76.3,6.4,21.8,35.8
2021-01-03,3.0,Trincomalee,26.1,73.0,,13.2,
2021-01-04,4.0,Kilinochchi,29.7,74.7,1.3,26.0,35.4
2021-01-05,5.0,Matara,28.1,86.4,3.1,5.0,
2021-01-06,6.0,Polonnaruwa,26.2,73.0,0.0,7.3,
2021-01-07,7.0,Galle,27.9,,0.0,,32.2
2021-01-08,8.0,Puttalam,28.5,75.1,0.0,22.9,32.5
2021-01-09,9.0,Moneragala,27.9,70.6,0.1,10.7,30.6
2021-01-10,10.0,Kilinochchi,24.6,70.6,2.2,15.3,
2021-01-11,11.0,Kilinochchi,25.9,77.7,0.0,18.6,
2021-01-12,12.0,,26.6,80.4,5.1,13.9,
2021-01-13,13.0,Polonnaruwa,26.9,77.7,3.5,15.7,
2021-01-14,14.0,,18.9,76.8,,15.1,
2021-01-15,15.0,Matara,,78.1,0.0,7.6,30.2
2021-01-16,16.0,Ratnapura,25.0,82.3,0.0,13.3,
2021-01-17,17.0,Kalutara,27.6,89.8,11.5,15.1,32.5
2021-01-18,18.0,Badulla,18.9,71.1,4.7,15.5,
2021-01-19,19.0,Polonnaruwa,,73.1,2.4,6.3,30.7
2021-01-20,20.0,Gampaha,28.6,86.8,0.0,18.8,
2021-01-21,21.0,Ratnapura,28.3,88.1,0.0,15.6,34.3
2021-01-22,22.0,Mullaitivu,27.7,74.0,2.8,9.7,30.6
2021-01-23,,Nuwara Eliya,17.9,72.6,1.3,24.0,
2021-01-24,24.0,Gampaha,24.5,90.7,0.9,,
2021-01-25,25.0,Polonnaruwa,27.6,81.9,0.9,,31.4
2021-01-26,26.0,,27.3,88.9,,,31.5
2021-01-27,27.0,Mullaitivu,27.4,75.3,4.1,24.4,30.1
2021-01-28,28.0,Badulla,16.1,71.8,13.7,18.4,
2021-01-29,29.0,Mullaitivu,25.4,71.7,0.0,19.1,
,30.0,Kegalle,28.6,87.1,7.7,10.0,35.1
2021-01-31,31.0,Ampara,26.9,76.7,0.0,15.4,
2021-02-01,32.0,Jaffna,27.0,80.1,,12.3,29.7
2021-02-02,33.0,Batticaloa,26.0,77.1,0.0,18.5,
2021-02-03,34.0,Trincomalee,26.0,68.5,0.0,19.0,
2021-02-04,35.0,Trincomalee,27.4,78.7,0.0,23.2,30.5
2021-02-05,36.0,,25.2,70.5,17.7,5.0,
2021-02-06,37.0,Mullaitivu,26.1,73.0,5.9,11.8,
2021-02-07,38.0,Moneragala,25.3,75.5,3.5,21.5,
2021-02-08,39.0,,25.3,82.5,0.0,8.0,
2021-02-09,40.0,,25.5,96.9,0.0,,
2021-02-10,41.0,Kalutara,26.3,86.9,,20.7,
2021-02-11,42.0,Matale,16.3,73.8,0.0,14.9,
2021-02-12,43.0,Puttalam,27.9,76.6,0.0,7.9,31.4
2021-02-13,44.0,Galle,24.7,88.0,3.3,14.4,
2021-02-14,45.0,,25.7,73.2,7.8,22.3,
2021-02-15,46.0,Hambantota,25.3,81.7,4.6,22.7,
2021-02-16,47.0,Galle,28.2,85.4,,16.0,33.5
2021-02-17,48.0,Kurunegala,26.3,76.5,0.0,10.1,
2021-02-18,49.0,Kandy,18.5,77.2,19.2,23.7,
2021-02-19,50.0,Kegalle,23.8,86.2,0.0,19.1,
2021-02-20,51.0,Mannar,26.4,77.9,1.6,10.4,
2021-02-21,52.0,Kurunegala,27.3,72.0,,16.7,29.6
2021-02-22,53.0,Hambantota,26.1,72.3,1.1,16.5,
2021-02-23,54.0,Polonnaruwa,27.6,70.1,0.0,11.8,29.9
2021-02-24,55.0,Gampaha,25.2,86.3,7.0,16.7,
2021-02-25,56.0,Anuradhapura,28.1,77.6,1.9,20.5,32.0
2021-02-26,57.0,,29.4,76.3,9.3,13.5,35.0
2021-02-27,58.0,,25.5,91.2,24.1,21.0,
2021-02-28,59.0,Mullaitivu,25.3,74.5,0.4,6.2,
2021-03-01,60.0,Matara,27.4,85.5,8.1,26.1,31.3
2021-03-02,61.0,Trincomalee,27.6,68.4,2.0,15.3,
2021-03-03,62.0,Kalutara,24.5,81.3,1.1,,
2021-03-04,63.0,Mannar,24.6,75.6,5.0,16.1,
2021-03-05,64.0,Ampara,24.8,,8.7,10.9,
2021-03-06,65.0,Kandy,14.3,71.6,1.0,14.8,
2021-03-07,66.0,Kurunegala,23.9,72.5,5.8,5.5,
2021-03-08,67.0,Matara,23.8,76.7,2.7,18.4,
2021-03-09,68.0,Kandy,15.1,71.4,6.0,16.0,
2021-03-10,69.0,Gampaha,25.2,86.4,12.5,14.0,
2021-03-11,70.0,,16.6,75.1,0.0,,
2021-03-12,71.0,Badulla,18.6,74.8,4.7,15.2,
2021-03-13,72.0,Jaffna,23.8,73.0,5.2,18.0,
2021-03-14,73.0,Kandy,17.7,72.8,20.5,19.8,
2021-03-15,74.0,Badulla,15.9,70.2,12.7,12.3,
2021-03-16,75.0,Kurunegala,25.2,75.6,0.0,10.8,
2021-03-17,,Mullaitivu,26.3,74.5,2.1,6.4,
2021-03-18,77.0,Gampaha,23.6,84.8,23.5,15.6,
2021-03-19,78.0,Jaffna,25.8,70.7,1.7,17.3,
2021-03-20,79.0,Kandy,16.5,64.2,0.0,8.4,
2021-03-21,80.0,Mannar,26.0,77.2,1.1,22.1,
2021-03-22,81.0,Batticaloa,25.7,70.9,15.8,10.9,
2021-03-23,82.0,Trincomalee,29.0,69.3,0.0,5.0,32.6
2021-03-24,83.0,Matara,24.3,85.6,0.0,22.5,
2021-03-25,84.0,Mannar,24.5,71.2,0.0,5.1,
2021-03-26,85.0,Moneragala,24.3,77.0,9.1,19.8,
2021-03-27,86.0,Kegalle,24.4,85.3,0.0,18.6,
2021-03-28,87.0,Matara,24.3,85.5,0.0,16.6,
2021-03-29,88.0,Polonnaruwa,27.1,67.3,1.7,12.4,28.8
2021-03-30,89.0,Batticaloa,27.4,77.6,0.0,17.5,30.4
2021-03-31,90.0,Vavuniya,24.4,73.8,0.0,20.2,
2021-04-01,,Kurunegala,23.8,68.9,12.3,10.1,
2021-04-02,92.0,Trincomalee,25.7,70.9,22.3,19.9,
2021-04-03,93.0,Polonnaruwa,24.2,63.2,2.5,19.7,
2021-04-04,94.0,Ratnapura,25.9,82.0,9.8,16.5,
2021-04-05,95.0,Kegalle,25.3,76.2,5.0,12.3,
2021-04-06,96.0,Vavuniya,22.7,64.9,3.1,19.7,
2021-04-07,97.0,Hambantota,27.3,64.3,0.0,17.5,28.8
2021-04-08,98.0,Trincomalee,27.7,74.8,0.0,9.9,30.7
2021-04-09,99.0,Vavuniya,24.1,,11.1,13.2,
2021-04-10,100.0,Colombo,24.4,86.5,0.0,19.1,
2021-04-11,101.0,Kegalle,25.4,78.2,10.9,15.6,
2021-04-12,102.0,Galle,25.5,73.5,2.9,20.4,
2021-04-13,103.0,Hambantota,26.0,65.9,0.0,13.3,
2021-04-14,104.0,Ratnapura,28.0,85.3,0.0,10.0,32.9
2021-04-15,105.0,Colombo,24.7,79.7,0.0,26.0,
2021-04-16,106.0,,23.8,68.2,2.8,6.6,
2021-04-17,107.0,Matara,22.9,81.0,7.3,12.5,
2021-04-18,,Ratnapura,23.9,82.4,13.3,16.4,
2021-04-19,109.0,Kilinochchi,25.0,74.8,0.0,19.9,
2021-04-20,110.0,Puttalam,27.7,76.1,9.6,18.2,30.8
2021-04-21,111.0,Ampara,24.2,68.9,29.9,26.6,
2021-04-22,112.0,Matara,25.3,75.0,,14.4,
2021-04-23,113.0,Kalutara,25.0,78.7,9.5,10.6,
2021-04-24,114.0,Kalutara,26.8,81.4,,,
2021-04-25,115.0,Colombo,28.8,76.5,0.0,13.4,33.5
2021-04-26,116.0,Matale,15.2,66.5,21.2,14.7,
2021-04-27,117.0,Jaffna,24.3,71.7,0.0,10.1,
2021-04-28,118.0,Galle,26.6,80.2,,18.9,
2021-04-29,119.0,Hambantota,26.0,70.5,0.0,16.9,
2021-04-30,120.0,Galle,27.8,77.3,28.3,8.7,31.2
2021-05-01,121.0,Hambantota,26.1,66.9,1.0,19.8,
2021-05-02,122.0,Matara,24.7,74.1,13.1,10.9,
2021-05-03,123.0,Mullaitivu,26.2,,2.4,9.1,
2021-05-04,124.0,Gampaha,26.9,82.0,5.1,15.4,
2021-05-05,125.0,Colombo,26.5,70.4,,6.2,
2021-05-06,126.0,Batticaloa,26.0,64.1,9.6,17.9,
,127.0,Moneragala,26.9,61.8,2.4,5.0,
2021-05-08,128.0,Moneragala,27.0,65.2,3.5,9.9,28.5
2021-05-09,129.0,Ratnapura,27.3,77.5,0.0,22.9,30.1
2021-05-10,130.0,Matale,17.2,62.0,3.7,11.6,
2021-05-11,131.0,Kalutara,25.0,74.1,4.3,12.4,
2021-05-12,132.0,Mullaitivu,25.5,63.8,4.0,21.4,
2021-05-13,133.0,Matara,27.1,78.6,0.0,11.0,29.8
2021-05-14,134.0,Badulla,15.0,68.1,0.0,18.8,
2021-05-15,135.0,Kalutara,25.8,74.9,0.0,20.9,
2021-05-16,136.0,Colombo,24.7,78.5,3.9,17.4,
2021-05-17,137.0,Kalutara,25.3,75.6,0.0,,
2021-05-18,138.0,Matale,18.2,66.7,6.4,12.0,
2021-05-19,139.0,Trincomalee,25.6,74.5,0.6,28.6,
2021-05-20,,Mannar,25.3,73.2,0.0,12.5,
2021-05-21,141.0,Kalutara,23.2,72.6,3.1,29.9,
2021-05-22,142.0,Colombo,26.4,,0.0,23.5,
2021-05-23,143.0,Matale,17.2,71.1,0.0,17.6,
2021-05-24,,Moneragala,28.5,63.2,4.5,16.5,30.6
2021-05-25,145.0,Mannar,24.8,71.1,0.6,12.7,
2021-05-26,146.0,Galle,25.6,84.0,10.9,14.6,
2021-05-27,147.0,,,63.3,0.0,11.6,
2021-05-28,148.0,,27.6,64.1,8.4,14.7,29.3
2021-05-29,149.0,Trincomalee,25.1,71.9,0.0,8.2,
2021-05-30,150.0,Jaffna,25.7,68.9,0.0,,
2021-05-31,151.0,Vavuniya,26.2,70.0,0.0,21.5,
2021-06-01,152.0,Puttalam,26.3,67.2,0.0,6.9,
2021-06-02,153.0,Galle,25.3,77.4,0.0,19.4,
2021-06-03,154.0,Ampara,26.3,60.6,0.0,5.5,
2021-06-04,155.0,Anuradhapura,27.6,70.0,2.8,18.1,29.9
2021-06-05,156.0,Kandy,15.5,70.5,0.0,14.0,
2021-06-06,157.0,Matale,17.2,64.9,0.0,21.6,
2021-06-07,158.0,Moneragala,24.9,65.7,0.0,13.3,
2021-06-08,159.0,,27.8,69.7,9.0,5.0,30.2
2021-06-09,160.0,Vavuniya,23.7,67.9,0.0,14.1,
2021-06-10,161.0,Trincomalee,25.2,68.1,3.6,15.8,
2021-06-11,162.0,Kilinochchi,26.6,65.6,0.6,14.3,
2021-06-12,163.0,Kandy,19.3,70.4,0.0,17.9,
2021-06-13,164.0,Vavuniya,25.9,,1.0,12.2,
2021-06-14,165.0,Galle,25.2,78.1,0.0,8.7,
2021-06-15,166.0,Puttalam,28.8,61.8,4.9,10.0,31.0
2021-06-16,167.0,Badulla,14.8,65.8,4.8,,
2021-06-17,168.0,Gampaha,22.7,75.2,0.0,12.4,
2021-06-18,169.0,Jaffna,26.7,66.8,0.0,27.0,
2021-06-19,170.0,Vavuniya,25.2,64.4,0.5,21.3,
2021-06-20,171.0,Kegalle,,75.3,19.4,18.4,
2021-06-21,172.0,Polonnaruwa,27.1,69.2,0.0,17.2,
2021-06-22,173.0,,17.4,64.1,14.2,16.5,
2021-06-23,,Mullaitivu,25.2,59.4,2.5,16.5,
2021-06-24,175.0,Mullaitivu,,72.9,0.7,15.8,
2021-06-25,176.0,Anuradhapura,27.3,71.4,0.0,15.2,
2021-06-26,177.0,Kilinochchi,27.0,60.7,6.1,,28.1
2021-06-27,178.0,,25.9,68.6,0.7,13.2,
2021-06-28,179.0,Kegalle,28.8,73.8,0.0,13.8,33.0
2021-06-29,180.0,Galle,24.4,76.9,3.8,,
2021-06-30,181.0,Colombo,23.7,77.0,1.1,12.2,
2021-07-01,182.0,Colombo,26.0,74.1,3.1,16.5,
2021-07-02,183.0,,26.9,71.9,,18.8,
2021-07-03,184.0,Kegalle,27.4,72.3,14.5,16.5,29.8
2021-07-04,185.0,Anuradhapura,26.6,61.3,0.0,18.7,
2021-07-05,186.0,Vavuniya,27.5,61.7,20.0,18.8,28.9
2021-07-06,187.0,Hambantota,,64.7,0.0,13.5,
2021-07-07,188.0,Kalutara,29.2,72.1,3.1,17.6,
,189.0,Galle,26.9,77.7,23.8,6.3,
2021-07-09,190.0,Nuwara Eliya,19.7,71.0,0.0,13.1,
2021-07-10,191.0,Matara,27.5,72.7,,12.5,30.0
2021-07-11,192.0,Hambantota,27.7,,0.2,22.7,29.6
2021-07-12,193.0,Matale,18.9,67.0,0.0,16.7,
2021-07-13,194.0,Colombo,27.7,76.9,6.1,,30.9
2021-07-14,195.0,Puttalam,28.0,65.3,9.2,18.0,30.1
2021-07-15,196.0,Jaffna,29.0,68.0,0.0,19.5,32.4
2021-07-16,197.0,Mullaitivu,27.3,66.9,0.0,14.6,29.1
2021-07-17,198.0,Ratnapura,28.1,70.1,0.0,18.5,30.9
2021-07-18,,Trincomalee,26.9,68.5,0.0,5.0,
2021-07-19,200.0,Badulla,20.2,,18.9,5.0,
2021-07-20,201.0,Ratnapura,26.0,72.0,0.0,9.1,
2021-07-21,202.0,Hambantota,29.7,65.2,3.1,,33.3
2021-07-22,203.0,Anuradhapura,26.9,67.7,3.9,22.7,
2021-07-23,204.0,Ampara,,64.2,0.0,9.4,
2021-07-24,,Ampara,27.2,,1.0,10.7,29.1
2021-07-25,206.0,Anuradhapura,26.0,74.5,1.4,15.4,
2021-07-26,207.0,Mullaitivu,28.3,61.9,2.9,12.5,30.1
2021-07-27,208.0,,26.0,69.5,0.0,12.3,
,209.0,Gampaha,26.3,76.2,0.0,12.9,
2021-07-29,210.0,Kalutara,24.2,77.9,11.0,,
2021-07-30,211.0,Ampara,26.3,,4.3,20.6,
2021-07-31,212.0,Matale,14.4,70.8,7.1,15.1,
2021-08-01,213.0,Ampara,,,10.6,23.3,
2021-08-02,,Ratnapura,29.1,78.3,0.0,17.5,34.6
2021-08-03,215.0,Ampara,29.2,63.1,13.5,20.8,31.9
2021-08-04,216.0,Ampara,28.6,72.4,0.0,10.7,32.3
2021-08-05,217.0,Gampaha,26.5,83.5,0.0,11.7,
2021-08-06,218.0,Gampaha,27.9,72.4,4.3,11.7,30.8
2021-08-07,219.0,Badulla,19.0,63.3,0.0,14.6,
2021-08-08,220.0,Moneragala,26.3,68.9,2.3,15.3,
2021-08-09,221.0,Matale,21.3,64.0,9.2,16.6,
2021-08-10,222.0,Colombo,29.3,,0.0,24.9,34.5
2021-08-11,223.0,Colombo,27.7,75.6,9.0,18.6,30.8
2021-08-12,224.0,Puttalam,28.0,57.8,,12.4,29.2
2021-08-13,225.0,Gampaha,28.3,75.4,4.3,15.0,32.1
2021-08-14,226.0,Polonnaruwa,24.9,62.7,,22.5,
2021-08-15,227.0,Mullaitivu,27.6,63.5,0.0,18.9,29.2
2021-08-16,228.0,Nuwara Eliya,18.0,71.3,6.6,22.5,
2021-08-17,229.0,Moneragala,26.5,60.5,0.0,12.6,
2021-08-18,230.0,Kandy,18.6,68.8,0.0,11.4,
2021-08-19,231.0,Moneragala,30.7,64.4,1.4,11.5,35.3
2021-08-20,232.0,Kilinochchi,29.0,64.4,0.0,13.0,31.7
2021-08-21,233.0,Ratnapura,27.1,78.7,11.4,9.7,29.8
2021-08-22,234.0,Ampara,28.9,66.9,0.0,16.5,32.0
2021-08-23,235.0,Nuwara Eliya,21.1,67.8,2.0,16.6,
2021-08-24,236.0,Ratnapura,29.4,79.4,7.7,21.7,35.7
2021-08-25,237.0,Matale,19.1,64.2,0.0,6.2,
2021-08-26,238.0,Anuradhapura,27.0,63.1,0.0,10.3,28.3
2021-08-27,239.0,Gampaha,29.0,71.2,5.5,19.0,33.0
2021-08-28,240.0,Nuwara Eliya,19.6,62.2,4.1,15.9,
2021-08-29,241.0,Badulla,20.3,77.3,13.5,15.2,
2021-08-30,242.0,Kilinochchi,29.0,70.5,0.0,21.3,32.8
2021-08-31,243.0,Batticaloa,29.6,60.1,0.0,10.0,32.1
2021-09-01,244.0,Batticaloa,27.9,61.9,11.3,11.4,29.5
2021-09-02,245.0,Colombo,30.7,,,,39.6
2021-09-03,246.0,Hambantota,29.0,69.4,1.4,5.0,32.6
2021-09-04,247.0,Nuwara Eliya,22.8,69.4,9.3,15.7,
2021-09-05,,Batticaloa,27.7,66.2,0.6,12.4,29.7
2021-09-06,249.0,Kalutara,31.3,76.7,7.0,,40.7
2021-09-07,250.0,Anuradhapura,29.0,68.5,0.0,10.4,32.5
2021-09-08,251.0,Kandy,18.8,67.5,27.4,14.9,
2021-09-09,,Puttalam,28.0,58.3,10.1,11.0,29.3
2021-09-10,253.0,Kalutara,28.3,76.3,0.0,16.1,32.2
2021-09-11,254.0,Puttalam,,63.8,20.0,17.3,32.4
2021-09-12,255.0,Anuradhapura,29.5,67.9,0.3,13.5,33.4
2021-09-13,256.0,Galle,27.9,89.1,,13.2,33.3
2021-09-14,257.0,,,68.7,7.1,15.9,31.9
2021-09-15,258.0,Hambantota,31.9,65.9,2.2,14.9,38.7
2021-09-16,259.0,Colombo,31.3,80.9,0.0,21.7,
2021-09-17,260.0,Matara,29.4,79.1,12.6,16.6,35.7
2021-09-18,,Galle,28.8,78.9,8.1,20.5,34.0
2021-09-19,262.0,Kurunegala,28.9,69.6,16.5,18.1,32.4
2021-09-20,263.0,Matara,29.7,,0.0,8.4,38.2
2021-09-21,264.0,Colombo,27.2,72.7,,12.2,29.5
2021-09-22,265.0,Kilinochchi,28.3,69.1,5.4,,31.1
2021-09-23,,Kegalle,26.2,73.5,6.4,19.3,
2021-09-24,267.0,Kegalle,29.3,79.4,2.7,24.6,35.4
2021-09-25,268.0,Kurunegala,29.7,63.5,13.2,,32.9
2021-09-26,269.0,Moneragala,28.0,65.5,1.8,15.3,30.1
2021-09-27,270.0,Jaffna,31.1,66.0,3.0,19.0,36.7
2021-09-28,271.0,Kalutara,26.9,81.1,,14.7,
2021-09-29,272.0,Galle,26.5,80.9,0.0,23.2,
2021-09-30,273.0,Batticaloa,,62.2,,8.3,31.6
2021-10-01,274.0,Batticaloa,30.6,69.9,0.4,18.4,36.5
2021-10-02,275.0,Kegalle,31.5,76.8,0.0,18.3,41.4
2021-10-03,276.0,Anuradhapura,28.3,64.6,0.0,20.8,30.5
2021-10-04,277.0,Ampara,30.6,68.8,0.0,15.3,36.2
2021-10-05,278.0,Gampaha,28.9,,17.5,19.5,34.1
2021-10-06,279.0,Colombo,,89.4,0.0,13.8,35.9
2021-10-07,280.0,Batticaloa,30.3,71.4,4.4,11.0,36.1
2021-10-08,281.0,Mullaitivu,30.0,,2.8,10.3,33.7
2021-10-09,282.0,Matale,17.6,67.4,10.8,7.8,
2021-10-10,283.0,,22.2,73.7,4.6,12.8,
,284.0,Moneragala,31.1,78.0,0.0,16.6,40.5
2021-10-12,285.0,Hambantota,28.1,63.3,1.9,14.0,30.0
2021-10-13,286.0,Hambantota,29.6,62.1,6.0,16.0,32.5
2021-10-14,287.0,Kalutara,29.7,87.1,1.0,21.2,38.7
2021-10-15,288.0,Puttalam,29.4,71.2,0.0,12.4,33.9
2021-10-16,289.0,Batticaloa,28.2,66.2,3.0,26.7,30.5
2021-10-17,290.0,Batticaloa,,71.8,2.4,18.8,30.9
2021-10-18,291.0,Kalutara,29.0,69.1,12.6,14.0,32.6
2021-10-19,292.0,Anuradhapura,30.8,69.7,1.2,13.9,37.0
2021-10-20,293.0,Ratnapura,29.8,81.0,12.9,10.0,37.3
2021-10-21,294.0,Badulla,19.4,73.3,7.3,14.9,
2021-10-22,,Ratnapura,30.2,75.6,0.7,5.0,37.0
2021-10-23,296.0,Colombo,24.7,80.0,4.7,21.3,
2021-10-24,297.0,Ratnapura,30.7,75.9,0.0,5.0,38.6
2021-10-25,298.0,Anuradhapura,26.4,70.7,0.0,15.2,
2021-10-26,299.0,Kilinochchi,28.5,66.1,0.0,9.3,31.1
2021-10-27,300.0,Ampara,27.3,68.0,0.0,11.5,29.2
2021-10-28,301.0,Matara,27.1,75.7,0.0,12.1,29.5
2021-10-29,302.0,Kandy,21.7,72.3,3.8,24.6,
2021-10-30,303.0,Nuwara Eliya,19.3,73.1,0.0,9.5,
2021-10-31,304.0,Matara,29.5,78.7,12.4,19.6,35.8
2021-11-01,305.0,,28.7,72.3,0.0,20.8,32.5
2021-11-02,306.0,Kalutara,29.4,76.4,0.0,5.0,35.0
2021-11-03,307.0,Batticaloa,28.8,71.0,0.0,11.9,32.5
2021-11-04,308.0,Kegalle,26.8,82.0,0.0,,
2021-11-05,309.0,Kalutara,30.2,92.7,5.1,8.4,42.4
2021-11-06,310.0,Kegalle,28.0,77.7,,21.0,31.8
2021-11-07,311.0,Kurunegala,26.4,78.0,0.0,14.9,
2021-11-08,312.0,Mannar,28.1,76.2,2.2,14.7,31.8
2021-11-09,313.0,Kurunegala,,73.3,0.9,15.3,38.6
2021-11-10,314.0,Gampaha,30.0,89.2,0.4,16.7,40.5
2021-11-11,315.0,Badulla,19.2,73.7,7.3,10.2,
2021-11-12,316.0,,28.2,83.7,10.0,13.7,33.2
2021-11-13,317.0,Batticaloa,28.2,72.0,,16.9,31.3
2021-11-14,318.0,Hambantota,31.8,77.1,3.9,15.9,42.5
2021-11-15,319.0,Kandy,20.3,76.6,0.0,16.7,
2021-11-16,320.0,Colombo,29.4,79.7,8.9,11.4,35.8
2021-11-17,321.0,Kandy,21.3,66.9,18.0,18.2,
2021-11-18,322.0,Colombo,,81.4,4.1,15.6,35.3
2021-11-19,323.0,Mannar,28.3,69.0,2.4,7.1,31.1
2021-11-20,324.0,Polonnaruwa,28.4,71.9,0.2,12.3,31.8
2021-11-21,325.0,,28.6,,0.0,10.5,33.1
2021-11-22,326.0,Anuradhapura,28.7,70.4,5.2,10.5,32.2
2021-11-23,327.0,Ratnapura,29.8,82.0,,12.6,37.6
2021-11-24,328.0,Matara,28.8,82.4,0.1,18.1,34.7
2021-11-25,329.0,Galle,29.8,85.6,30.3,,38.6
2021-11-26,330.0,Kalutara,28.6,73.2,8.1,16.1,32.4
2021-11-27,331.0,Ampara,28.9,69.8,0.0,15.3,32.5
2021-11-28,332.0,Colombo,25.7,83.0,3.8,11.1,
2021-11-29,333.0,Batticaloa,30.1,,4.7,13.3,37.1
2021-11-30,334.0,Mullaitivu,29.3,70.2,2.7,19.3,33.4
2021-12-01,335.0,Puttalam,29.5,66.6,0.0,15.7,33.1
2021-12-02,336.0,Badulla,14.7,76.6,9.3,17.7,
2021-12-03,,Moneragala,31.1,71.6,1.4,21.4,38.4
2021-12-04,338.0,Badulla,18.8,69.4,2.6,17.2,
2021-12-05,339.0,Mannar,29.7,71.6,0.8,5.4,34.7
2021-12-06,340.0,Nuwara Eliya,17.4,73.4,16.6,,
2021-12-07,341.0,Nuwara Eliya,19.9,71.7,0.0,11.9,
2021-12-08,342.0,Vavuniya,26.4,65.3,0.0,24.1,
2021-12-09,343.0,Puttalam,27.1,77.7,16.5,17.0,29.7
2021-12-10,344.0,Badulla,21.9,,6.2,12.0,
2021-12-11,345.0,Matara,27.7,86.7,0.0,17.8,32.3
2021-12-12,346.0,Gampaha,28.3,79.6,0.0,15.5,32.8
2021-12-13,347.0,Polonnaruwa,29.3,73.3,0.0,6.4,34.1
2021-12-14,348.0,Colombo,28.7,84.1,2.1,19.3,34.8
2021-12-15,349.0,Trincomalee,28.2,76.5,0.0,13.0,32.0
2021-12-16,350.0,,28.5,86.8,5.0,22.1,34.7
2021-12-17,351.0,Matale,22.6,71.2,18.7,,
2021-12-18,352.0,Batticaloa,27.9,74.5,0.0,22.2,31.1
2021-12-19,353.0,Puttalam,28.3,76.0,9.5,17.1,32.2
2021-12-20,354.0,Kandy,20.6,80.0,,19.9,
2021-12-21,355.0,Kalutara,29.7,87.0,0.6,12.5,38.7
2021-12-22,356.0,Ampara,29.8,77.3,0.0,16.8,
2021-12-23,357.0,Ampara,29.0,74.5,12.5,6.4,33.6
2021-12-24,358.0,Mullaitivu,26.3,79.8,1.7,14.4,
2021-12-25,359.0,Mannar,30.5,75.8,0.0,7.6,37.9
2021-12-26,360.0,Polonnaruwa,26.3,70.7,0.0,9.3,
2021-12-27,361.0,Nuwara Eliya,19.5,79.8,12.4,10.5,
2021-12-28,,Kalutara,26.9,86.9,0.0,18.3,
2021-12-29,363.0,Hambantota,27.9,,1.0,14.3,30.8
2021-12-30,364.0,,19.5,72.2,10.6,15.2,
2021-12-31,365.0,Ratnapura,28.5,85.3,21.9,14.1,34.4
2022-01-01,366.0,Ampara,,76.8,17.4,20.4,30.7
2022-01-02,367.0,Mannar,29.4,,3.0,15.0,34.9
2022-01-03,368.0,Polonnaruwa,27.7,76.2,6.3,16.2,30.9
2022-01-04,369.0,Kalutara,26.6,91.8,9.0,12.1,
2022-01-05,370.0,Colombo,28.4,89.3,0.0,,34.9
2022-01-06,371.0,Anuradhapura,28.8,75.8,,21.1,33.4
2022-01-07,372.0,Polonnaruwa,25.2,78.8,6.0,14.8,
2022-01-08,373.0,Moneragala,27.9,70.9,9.0,12.1,30.6
2022-01-09,374.0,Colombo,28.1,86.6,3.9,6.9,33.5
2022-01-10,375.0,Kalutara,26.6,92.2,0.0,10.7,
2022-01-11,376.0,Kurunegala,29.1,74.1,14.1,,33.8
2022-01-12,377.0,Kegalle,26.8,81.6,0.0,10.4,
,378.0,Jaffna,27.2,72.4,0.0,16.8,29.4
2022-01-14,379.0,Badulla,17.7,70.6,,14.7,
2022-01-15,380.0,Kalutara,27.0,81.8,0.0,26.6,29.9
2022-01-16,381.0,Matara,25.4,83.5,10.9,,
2022-01-17,382.0,Mannar,24.8,69.4,0.0,12.8,
,383.0,Ratnapura,29.4,85.0,,20.3,37.1
2022-01-19,,Kurunegala,25.7,78.6,1.8,5.4,
2022-01-20,385.0,Trincomalee,25.5,71.4,0.0,7.6,
2022-01-21,386.0,,14.8,81.1,0.0,18.3,
2022-01-22,387.0,Moneragala,26.0,77.0,,14.0,
2022-01-23,388.0,Gampaha,,89.1,10.1,14.1,
2022-01-24,389.0,Jaffna,29.5,72.4,1.3,10.3,34.4
2022-01-25,390.0,Gampaha,28.5,88.4,0.0,,
2022-01-26,391.0,Ampara,26.0,70.6,2.4,11.0,
2022-01-27,,Matara,30.4,88.5,14.1,15.4,41.7
2022-01-28,393.0,Colombo,28.5,85.7,24.5,9.2,34.5
2022-01-29,394.0,Hambantota,26.5,77.2,0.6,14.1,
2022-01-30,395.0,Kilinochchi,23.3,70.3,0.0,25.1,
2022-01-31,396.0,Badulla,,71.4,0.0,12.9,
2022-02-01,397.0,Batticaloa,23.9,76.9,5.7,14.3,
2022-02-02,398.0,Galle,23.5,80.7,9.8,14.0,
2022-02-03,399.0,Jaffna,27.5,76.3,0.0,15.9,30.4
2022-02-04,400.0,,29.7,69.0,3.0,,34.1
2022-02-05,401.0,Kalutara,28.1,87.9,0.0,,33.7
2022-02-06,402.0,Kurunegala,26.8,69.6,0.0,16.4,
2022-02-07,403.0,Kegalle,26.9,86.7,0.0,14.1,
2022-02-08,404.0,Ratnapura,27.3,87.0,0.0,15.5,31.2
2022-02-09,405.0,Vavuniya,27.1,71.7,5.9,13.9,29.2
2022-02-10,406.0,Galle,26.4,86.8,2.6,5.9,
2022-02-11,407.0,Kegalle,26.2,85.5,0.0,28.2,
2022-02-12,,Kandy,16.9,72.3,0.0,,
2022-02-13,409.0,Vavuniya,24.9,70.5,4.3,10.1,
2022-02-14,410.0,Anuradhapura,25.6,66.6,0.0,16.2,
2022-02-15,411.0,Colombo,23.5,85.9,17.8,8.3,
2022-02-16,412.0,,25.9,78.2,0.0,12.5,
2022-02-17,413.0,Mannar,24.5,74.9,2.2,7.6,
2022-02-18,414.0,Batticaloa,24.3,73.4,0.0,14.7,
2022-02-19,415.0,Mannar,26.3,77.2,,,
2022-02-20,416.0,Mullaitivu,28.1,73.3,0.0,16.9,31.3
2022-02-21,417.0,Puttalam,27.4,73.2,0.0,18.4,29.9
2022-02-22,418.0,Moneragala,23.6,77.4,,,
2022-02-23,419.0,Trincomalee,24.5,75.8,5.7,,
2022-02-24,420.0,Gampaha,27.4,85.8,,10.6,31.4
2022-02-25,421.0,Gampaha,24.5,,0.0,17.6,
2022-02-26,422.0,,,68.4,1.3,11.6,
2022-02-27,423.0,Badulla,17.8,77.5,9.7,18.9,
2022-02-28,424.0,Puttalam,24.5,76.9,,5.9,
2022-03-01,425.0,Kegalle,25.4,78.7,10.0,10.0,
2022-03-02,426.0,,14.3,71.8,5.6,9.5,
2022-03-03,427.0,,,72.6,14.3,16.0,
2022-03-04,428.0,Ampara,25.7,72.3,2.4,17.8,
2022-03-05,,Anuradhapura,22.9,74.1,0.8,16.4,
2022-03-06,430.0,Jaffna,25.9,78.5,0.0,12.5,
2022-03-07,431.0,Nuwara Eliya,16.2,77.1,0.0,5.0,
2022-03-08,432.0,Trincomalee,26.1,67.6,0.0,15.2,
2022-03-09,433.0,Badulla,16.6,75.3,3.9,18.9,
2022-03-10,434.0,Kilinochchi,27.3,78.1,4.7,28.4,30.2
2022-03-11,435.0,Matale,,74.3,1.7,12.9,
,436.0,Colombo,24.6,87.2,0.0,11.7,
2022-03-13,437.0,Matara,25.5,90.8,7.1,16.6,
2022-03-14,438.0,Polonnaruwa,26.1,76.9,1.3,13.7,
2022-03-15,439.0,Mullaitivu,25.3,73.8,0.0,21.4,
2022-03-16,440.0,Mullaitivu,25.3,77.0,1.1,11.0,
2022-03-17,441.0,Matale,15.2,73.4,5.7,13.8,
2022-03-18,,Galle,,82.9,,19.4,
2022-03-19,443.0,Kandy,14.2,71.4,3.9,16.5,
2022-03-20,444.0,Nuwara Eliya,18.9,79.1,13.9,20.8,
2022-03-21,445.0,Vavuniya,23.4,69.5,8.4,12.8,
2022-03-22,446.0,Anuradhapura,24.2,78.9,0.8,21.3,
2022-03-23,447.0,Trincomalee,24.2,74.8,5.8,6.7,
2022-03-24,448.0,Kalutara,26.6,77.2,0.0,6.9,
2022-03-25,449.0,Moneragala,24.8,74.3,,21.4,
2022-03-26,450.0,Matara,27.1,74.4,0.0,15.0,29.4
2022-03-27,451.0,Anuradhapura,24.3,75.3,0.0,19.6,
2022-03-28,452.0,Batticaloa,25.7,76.3,0.3,15.5,
2022-03-29,453.0,Vavuniya,24.0,70.4,5.4,15.0,
2022-03-30,454.0,Kurunegala,28.5,73.3,19.1,,32.2
2022-03-31,455.0,,23.5,80.6,0.0,14.9,
2022-04-01,456.0,Puttalam,25.5,68.3,0.0,21.8,
2022-04-02,457.0,Ampara,26.0,66.1,0.0,15.3,
2022-04-03,458.0,Ratnapura,25.6,86.3,0.0,18.4,
2022-04-04,459.0,Puttalam,24.7,78.2,5.0,18.3,
2022-04-05,460.0,Moneragala,24.8,70.4,0.0,9.9,
2022-04-06,461.0,Matale,16.1,74.4,7.4,19.3,
2022-04-07,462.0,Polonnaruwa,24.8,75.7,0.0,13.4,
2022-04-08,463.0,,26.4,67.4,1.4,13.7,
2022-04-09,464.0,Hambantota,28.3,68.4,0.0,,31.0
2022-04-10,,Mullaitivu,24.2,75.3,0.0,18.0,
2022-04-11,466.0,Polonnaruwa,22.9,77.1,0.0,11.8,
2022-04-12,467.0,Colombo,24.9,82.6,6.3,15.3,
2022-04-13,468.0,Colombo,28.9,76.8,2.7,,33.8
2022-04-14,469.0,Trincomalee,23.8,78.3,13.3,23.4,
2022-04-15,470.0,Gampaha,27.5,78.2,3.5,15.2,30.7
2022-04-16,471.0,Badulla,18.5,69.0,0.0,26.0,
2022-04-17,,Batticaloa,24.2,71.7,1.0,8.5,
2022-04-18,473.0,,25.9,86.6,4.1,14.8,
2022-04-19,474.0,Matara,27.4,83.8,0.0,,31.1
2022-04-20,475.0,,24.4,,0.0,12.5,
2022-04-21,476.0,Polonnaruwa,24.7,72.2,0.0,12.6,
2022-04-22,477.0,Colombo,24.1,80.5,0.0,11.4,
2022-04-23,478.0,Batticaloa,23.5,,,23.7,
2022-04-24,479.0,Galle,24.0,70.2,0.0,22.1,
2022-04-25,480.0,Matale,14.2,69.2,0.0,17.0,
2022-04-26,481.0,Badulla,16.1,71.3,0.0,12.6,
2022-04-27,482.0,Moneragala,23.8,65.7,4.2,11.6,
2022-04-28,483.0,Kalutara,25.4,81.9,32.3,18.7,
2022-04-29,484.0,Mullaitivu,22.7,69.5,0.0,16.5,
2022-04-30,485.0,Batticaloa,25.5,77.4,0.0,14.3,
2022-05-01,486.0,Puttalam,26.5,74.1,0.0,17.7,
2022-05-02,487.0,Matale,13.3,65.9,4.4,19.5,
2022-05-03,,Badulla,16.8,67.2,0.0,14.2,
2022-05-04,,Kegalle,27.1,77.5,24.3,11.1,29.7
2022-05-05,490.0,Mannar,23.5,66.0,4.0,8.4,
2022-05-06,491.0,Matale,18.8,68.6,10.6,16.3,
2022-05-07,492.0,Trincomalee,25.9,64.8,0.0,25.8,
2022-05-08,493.0,Ampara,24.2,63.3,12.5,9.4,
2022-05-09,494.0,Mannar,25.2,70.3,5.6,20.5,
2022-05-10,495.0,Anuradhapura,26.1,70.3,0.0,11.6,
2022-05-11,496.0,,16.4,64.6,0.0,12.6,
2022-05-12,497.0,,26.1,71.4,0.0,19.6,
2022-05-13,498.0,Batticaloa,23.9,65.3,0.0,13.7,
2022-05-14,499.0,Batticaloa,25.5,68.8,0.0,16.2,
2022-05-15,500.0,Polonnaruwa,23.1,71.1,0.8,16.1,
2022-05-16,501.0,Galle,25.1,77.7,6.5,11.6,
2022-05-17,502.0,Kandy,14.9,,8.7,19.5,
2022-05-18,503.0,Colombo,24.2,75.7,0.0,14.7,
2022-05-19,504.0,Matale,18.1,67.0,11.0,8.1,
2022-05-20,505.0,Moneragala,26.9,67.0,,10.5,
2022-05-21,506.0,Jaffna,26.2,64.8,6.3,5.0,
,507.0,Badulla,14.6,67.1,0.0,15.3,
2022-05-23,508.0,,15.8,61.6,0.0,21.5,
2022-05-24,509.0,Kandy,18.1,65.8,11.4,9.8,
2022-05-25,510.0,Gampaha,25.5,76.7,0.0,17.9,
2022-05-26,511.0,Anuradhapura,28.7,66.8,5.1,17.2,31.6
2022-05-27,512.0,Jaffna,25.9,66.8,2.3,11.2,
2022-05-28,513.0,Puttalam,25.6,67.6,3.8,22.7,
2022-05-29,514.0,Colombo,24.8,79.7,11.6,13.6,
2022-05-30,515.0,Ratnapura,25.5,81.3,7.5,25.1,
2022-05-31,516.0,Matale,16.0,,0.0,6.8,
2022-06-01,517.0,,27.1,61.0,36.7,13.7,28.3
2022-06-02,518.0,Kandy,18.4,61.7,17.8,14.2,
2022-06-03,519.0,Batticaloa,24.8,63.9,0.0,14.8,
2022-06-04,520.0,Ratnapura,,74.4,,18.6,
2022-06-05,521.0,Batticaloa,23.2,62.8,7.2,30.0,
2022-06-06,522.0,Moneragala,26.8,60.7,1.7,17.3,
2022-06-07,523.0,Gampaha,24.3,74.0,8.5,15.1,
2022-06-08,524.0,Ampara,22.8,66.6,0.0,9.5,
2022-06-09,525.0,Anuradhapura,26.6,68.2,0.6,5.5,
2022-06-10,526.0,Ratnapura,29.7,73.6,0.0,20.9,35.2
2022-06-11,527.0,Mullaitivu,26.0,64.2,3.0,12.3,
2022-06-12,528.0,Kurunegala,27.3,62.2,15.2,28.0,28.7
2022-06-13,529.0,Kalutara,26.1,75.7,0.0,19.3,
2022-06-14,530.0,Colombo,25.9,72.5,7.2,16.7,
2022-06-15,531.0,Colombo,27.4,78.2,10.9,17.0,30.4
2022-06-16,532.0,Puttalam,25.6,58.7,10.7,17.0,
2022-06-17,533.0,Kilinochchi,26.4,,7.8,11.5,
2022-06-18,534.0,Matale,17.5,67.1,5.3,,
2022-06-19,535.0,Mullaitivu,25.0,66.6,0.9,12.2,
2022-06-20,536.0,Kalutara,27.5,86.6,0.0,14.9,31.7
2022-06-21,537.0,Colombo,25.7,77.3,0.0,11.8,
2022-06-22,538.0,Colombo,24.9,71.8,0.0,8.6,
2022-06-23,539.0,Matara,26.8,75.5,4.1,11.3,
2022-06-24,540.0,Jaffna,24.7,58.8,3.0,20.2,
2022-06-25,541.0,Kilinochchi,26.0,65.5,0.0,18.7,
2022-06-26,542.0,Mullaitivu,26.0,62.5,4.3,15.9,
2022-06-27,543.0,Vavuniya,27.6,69.5,12.3,17.9,29.9
2022-06-28,,Mullaitivu,26.7,63.7,3.3,9.3,
2022-06-29,545.0,Mannar,26.0,65.4,0.0,11.0,
2022-06-30,546.0,Gampaha,27.2,73.3,8.7,16.6,29.5
2022-07-01,547.0,Puttalam,29.1,72.0,0.0,10.0,33.3
2022-07-02,548.0,,27.8,63.7,0.0,15.5,29.6
2022-07-03,549.0,Kalutara,27.0,82.3,12.1,8.7,30.0
2022-07-04,550.0,Moneragala,25.0,68.3,0.0,,
2022-07-05,551.0,Ampara,25.4,66.9,0.0,18.7,
2022-07-06,552.0,Matara,26.5,76.5,18.0,20.1,
2022-07-07,553.0,Jaffna,26.1,66.6,0.0,11.8,
2022-07-08,554.0,Gampaha,26.7,67.3,9.1,7.4,
2022-07-09,555.0,Puttalam,27.1,63.9,0.0,5.0,28.5
2022-07-10,556.0,,27.8,68.4,0.0,24.2,30.1
2022-07-11,557.0,Galle,26.9,74.8,0.0,15.6,
2022-07-12,558.0,Kandy,18.7,59.4,0.0,12.0,
2022-07-13,559.0,Polonnaruwa,27.1,64.8,2.1,13.2,28.6
2022-07-14,560.0,Kurunegala,24.0,71.8,8.9,5.4,
2022-07-15,561.0,Vavuniya,25.6,70.0,,18.1,
2022-07-16,562.0,Kilinochchi,26.8,64.8,0.1,25.0,
2022-07-17,563.0,Ratnapura,25.2,78.8,0.0,11.1,
2022-07-18,564.0,Kandy,18.9,63.5,6.6,26.9,
2022-07-19,565.0,Kegalle,29.3,,5.4,14.4,33.0
2022-07-20,566.0,,28.8,61.3,,23.3,30.9
2022-07-21,567.0,Kegalle,26.7,81.3,0.0,16.5,
2022-07-22,568.0,Kandy,20.2,63.9,4.6,16.5,
2022-07-23,569.0,Jaffna,27.2,64.0,4.1,24.2,28.7
2022-07-24,570.0,Matale,17.5,63.8,0.0,18.9,
2022-07-25,571.0,Hambantota,26.1,72.6,3.1,,
2022-07-26,572.0,Ratnapura,26.5,81.5,0.0,5.3,
2022-07-27,573.0,Kalutara,26.4,83.9,11.9,7.5,
2022-07-28,574.0,Ampara,27.3,64.4,5.3,17.3,28.8
2022-07-29,575.0,Kalutara,27.2,76.2,,22.3,29.8
2022-07-30,576.0,Batticaloa,27.0,58.9,6.9,15.6,28.0
2022-07-31,577.0,Kandy,18.7,70.9,,12.0,
2022-08-01,578.0,Kurunegala,29.8,60.8,8.7,5.8,32.6
2022-08-02,579.0,Ampara,29.4,66.4,14.9,11.1,32.9
2022-08-03,580.0,Galle,25.8,71.1,0.0,15.7,
2022-08-04,581.0,Ratnapura,24.2,73.1,1.8,10.7,
2022-08-05,582.0,Moneragala,29.4,62.2,3.8,10.2,32.1
2022-08-06,583.0,Matale,16.9,63.1,0.0,14.7,
2022-08-07,584.0,Mullaitivu,,63.3,0.0,22.2,29.4
2022-08-08,,Ampara,26.2,63.3,0.0,18.4,
2022-08-09,586.0,Moneragala,25.3,68.8,1.0,16.4,
2022-08-10,587.0,Vavuniya,28.8,61.1,7.5,,30.9
2022-08-11,588.0,Moneragala,29.1,66.4,4.1,17.8,32.3
2022-08-12,589.0,Kegalle,27.1,,,14.4,30.0
2022-08-13,590.0,Kalutara,24.1,73.5,0.2,12.9,
2022-08-14,591.0,,27.2,62.6,1.4,18.7,28.5
2022-08-15,592.0,Ampara,28.6,64.6,0.0,13.9,
2022-08-16,593.0,Ampara,25.8,70.2,10.6,9.1,
2022-08-17,594.0,,28.3,66.3,3.7,22.2,30.7
2022-08-18,595.0,Batticaloa,28.0,63.4,8.0,5.7,29.8
2022-08-19,596.0,Kegalle,28.9,77.4,14.3,22.6,33.9
2022-08-20,597.0,Badulla,19.2,61.1,0.0,17.5,
2022-08-21,598.0,Vavuniya,,68.2,4.3,10.2,
2022-08-22,599.0,Puttalam,29.8,67.1,0.0,15.1,33.9
2022-08-23,600.0,Ampara,27.8,64.3,6.5,12.9,29.6
2022-08-24,601.0,Kandy,19.0,62.1,0.0,19.0,
2022-08-25,,Mullaitivu,26.6,62.0,1.4,18.9,
2022-08-26,603.0,Hambantota,27.3,67.6,0.0,17.3,29.1
2022-08-27,604.0,Puttalam,26.7,70.4,0.0,18.7,
2022-08-28,605.0,Mullaitivu,27.7,63.0,0.0,14.4,29.3
2022-08-29,606.0,Hambantota,30.6,67.3,0.0,23.8,35.8
2022-08-30,607.0,,25.9,67.2,0.0,21.1,
2022-08-31,608.0,Mannar,,63.2,5.1,12.6,
2022-09-01,,Anuradhapura,30.9,67.1,5.2,,36.5
2022-09-02,610.0,Puttalam,28.4,63.6,0.0,18.6,30.5
2022-09-03,611.0,Trincomalee,27.7,63.5,0.0,13.7,29.4
2022-09-04,612.0,Batticaloa,30.3,64.5,10.6,13.3,34.4
2022-09-05,613.0,Polonnaruwa,27.8,68.4,1.0,21.1,30.1
2022-09-06,614.0,,22.5,66.5,23.5,14.9,
2022-09-07,615.0,Kalutara,29.7,68.2,2.9,16.3,33.9
2022-09-08,,Mullaitivu,28.0,58.7,0.0,22.0,29.3
2022-09-09,617.0,,32.0,74.8,0.0,27.7,42.2
2022-09-10,618.0,Anuradhapura,27.8,69.0,0.0,12.4,30.2
2022-09-11,,Polonnaruwa,29.8,56.2,4.1,13.9,31.8
2022-09-12,620.0,Kandy,20.2,,11.7,15.4,
2022-09-13,621.0,Polonnaruwa,30.7,65.1,0.7,15.5,35.5
2022-09-14,622.0,Moneragala,31.1,72.8,0.0,16.9,38.8
2022-09-15,623.0,Batticaloa,28.8,65.7,0.0,12.5,31.6
2022-09-16,,Kegalle,27.6,78.7,0.0,8.7,31.0
2022-09-17,625.0,Galle,29.4,77.8,4.1,23.8,
2022-09-18,626.0,Vavuniya,27.7,58.7,0.0,18.1,28.9
2022-09-19,627.0,Polonnaruwa,31.8,,0.5,12.9,39.9
2022-09-20,628.0,Jaffna,28.9,68.1,0.0,17.2,32.2
2022-09-21,629.0,Galle,28.2,79.2,19.9,24.2,32.5
2022-09-22,630.0,Mannar,29.0,82.9,6.4,11.1,35.4
2022-09-23,631.0,Matale,17.7,58.9,24.3,16.1,
2022-09-24,632.0,Kalutara,27.3,84.1,9.2,8.1,30.9
2022-09-25,633.0,Moneragala,30.5,66.1,,14.4,35.3
2022-09-26,634.0,Kilinochchi,27.7,68.3,1.4,18.1,29.9
2022-09-27,635.0,Kilinochchi,27.2,67.0,0.5,9.4,28.9
2022-09-28,636.0,Kurunegala,29.5,65.5,6.1,14.1,32.9
2022-09-29,637.0,Trincomalee,30.5,64.9,16.8,19.0,35.0
2022-09-30,638.0,Mullaitivu,29.8,68.5,1.5,17.9,34.2
2022-10-01,639.0,Hambantota,30.5,63.6,3.7,9.2,34.6
2022-10-02,640.0,Jaffna,27.9,72.6,2.3,16.9,30.8
2022-10-03,641.0,,,68.0,,17.8,
2022-10-04,642.0,Ampara,31.3,65.1,0.0,15.5,36.9
2022-10-05,643.0,Nuwara Eliya,19.5,67.8,1.3,20.4,
2022-10-06,,Galle,28.6,84.7,7.6,12.1,34.6
2022-10-07,645.0,Mannar,31.0,67.5,1.1,17.1,36.9
2022-10-08,646.0,Vavuniya,29.8,71.1,3.2,9.2,34.8
2022-10-09,647.0,Matara,29.7,76.7,1.4,7.0,35.9
2022-10-10,648.0,Jaffna,32.2,72.7,2.9,18.9,42.0
2022-10-11,649.0,Hambantota,28.0,72.4,0.0,,31.0
2022-10-12,650.0,Kurunegala,30.4,77.0,9.3,12.7,38.0
2022-10-13,651.0,Gampaha,29.1,78.9,1.3,9.7,34.8
2022-10-14,652.0,Matale,20.4,72.3,0.0,19.1,
2022-10-15,653.0,Matale,22.3,70.0,10.8,7.5,
2022-10-16,654.0,Nuwara Eliya,20.8,74.8,6.2,20.0,
2022-10-17,655.0,Puttalam,29.8,66.8,0.0,17.3,33.8
2022-10-18,656.0,Matara,30.6,82.6,0.0,7.7,40.4
2022-10-19,657.0,Batticaloa,28.5,68.9,5.6,15.6,31.5
2022-10-20,658.0,Vavuniya,27.7,69.4,0.0,28.3,30.0
2022-10-21,659.0,Colombo,27.4,80.0,0.0,20.9,30.6
2022-10-22,660.0,Badulla,17.1,70.7,,10.9,
2022-10-23,661.0,Anuradhapura,32.1,69.2,0.1,18.6,40.4
2022-10-24,662.0,Ampara,27.3,70.5,20.3,7.9,29.4
2022-10-25,663.0,Galle,28.7,86.0,7.8,8.1,35.2
2022-10-26,664.0,Kegalle,28.6,83.6,0.0,14.7,34.4
2022-10-27,665.0,Vavuniya,29.5,73.1,14.5,17.8,34.5
2022-10-28,666.0,Kandy,21.2,67.8,0.0,19.1,
2022-10-29,667.0,Kandy,21.3,66.1,0.0,19.1,
2022-10-30,668.0,Nuwara Eliya,19.1,73.5,8.3,17.5,
2022-10-31,669.0,Puttalam,28.7,73.2,0.0,6.9,32.6
,670.0,Mullaitivu,29.2,78.1,2.1,14.7,34.9
2022-11-02,671.0,Badulla,19.4,69.8,11.4,19.8,
2022-11-03,672.0,Galle,31.1,81.3,0.0,,41.7
2022-11-04,673.0,Jaffna,29.5,65.6,1.5,15.9,32.9
2022-11-05,674.0,Puttalam,29.8,70.6,4.5,16.6,34.7
2022-11-06,675.0,Galle,29.7,86.2,12.9,16.6,38.5
2022-11-07,676.0,Kalutara,30.5,80.3,0.0,5.2,39.3
2022-11-08,677.0,Vavuniya,29.0,74.7,3.2,20.8,33.6
2022-11-09,678.0,Vavuniya,26.8,71.4,0.0,14.4,
2022-11-10,679.0,Kurunegala,29.3,73.5,23.3,18.5,34.1
2022-11-11,680.0,Anuradhapura,27.8,67.6,0.0,5.0,30.0
2022-11-12,681.0,Matara,27.9,82.5,7.5,23.3,32.2
2022-11-13,682.0,Hambantota,,60.2,0.0,9.2,32.1
2022-11-14,683.0,Galle,30.6,81.4,,27.7,40.0
2022-11-15,684.0,Colombo,28.8,75.7,,25.6,33.3
2022-11-16,685.0,Kalutara,29.2,87.0,3.2,8.4,37.0
2022-11-17,686.0,,31.3,75.3,34.6,19.1,40.2
2022-11-18,687.0,Kegalle,29.1,,1.7,9.9,36.0
2022-11-19,688.0,Ampara,32.6,78.3,0.0,11.8,45.8
2022-11-20,689.0,Kegalle,29.6,78.4,7.1,11.9,36.1
2022-11-21,690.0,Ratnapura,26.1,89.2,12.9,17.2,
2022-11-22,691.0,Colombo,29.9,,0.0,16.6,39.1
2022-11-23,692.0,Nuwara Eliya,20.3,71.2,12.7,9.0,
2022-11-24,693.0,Polonnaruwa,30.7,76.7,12.3,17.2,38.8
2022-11-25,694.0,Nuwara Eliya,20.7,67.8,32.9,14.0,
2022-11-26,695.0,Mullaitivu,28.5,68.9,1.1,5.9,31.5
2022-11-27,696.0,Vavuniya,26.9,69.8,10.8,12.8,
2022-11-28,697.0,Vavuniya,28.4,70.1,,23.3,
2022-11-29,698.0,Trincomalee,27.5,68.0,0.0,13.0,29.5
2022-11-30,699.0,Polonnaruwa,27.9,77.1,5.5,5.8,31.4
2022-12-01,,Batticaloa,28.9,73.1,,19.1,33.1
2022-12-02,701.0,Badulla,21.5,75.6,0.0,10.4,
2022-12-03,702.0,Polonnaruwa,28.6,71.9,4.3,16.1,32.2
2022-12-04,703.0,Kilinochchi,26.2,66.9,3.2,,
2022-12-05,704.0,,19.7,75.2,0.0,23.8,
2022-12-06,705.0,Kandy,20.8,66.5,2.0,14.1,
2022-12-07,706.0,Kalutara,27.1,83.9,6.1,9.3,30.4
2022-12-08,707.0,Puttalam,27.8,68.7,0.0,12.7,30.1
2022-12-09,708.0,Anuradhapura,28.0,,1.7,,32.4
2022-12-10,709.0,,,87.8,1.4,,
2022-12-11,710.0,Kurunegala,29.0,74.6,,23.8,33.6
2022-12-12,711.0,Trincomalee,27.8,79.2,23.4,21.2,31.5
2022-12-13,712.0,Hambantota,28.6,70.8,0.0,25.2,32.0
2022-12-14,713.0,Ampara,26.7,76.3,5.7,17.4,
2022-12-15,714.0,Mannar,27.3,74.9,0.0,,29.9
2022-12-16,715.0,,29.1,75.2,7.3,10.0,34.0
2022-12-17,716.0,Colombo,27.4,89.2,16.1,,31.8
2022-12-18,717.0,,30.6,77.1,0.8,14.3,38.6
2022-12-19,718.0,Badulla,18.4,75.3,0.0,18.9,
2022-12-20,719.0,Badulla,19.3,67.5,0.0,9.4,
2022-12-21,720.0,Kalutara,29.4,80.3,0.0,15.3,36.0
2022-12-22,721.0,Batticaloa,25.9,73.7,7.6,7.1,
2022-12-23,722.0,Moneragala,25.4,74.5,0.0,16.7,
2022-12-24,723.0,Kegalle,25.7,79.6,3.3,18.4,
2022-12-25,724.0,Kilinochchi,29.9,83.8,0.0,,38.4
2022-12-26,725.0,Mullaitivu,27.2,80.2,8.3,8.3,
2022-12-27,726.0,Jaffna,31.8,76.6,0.0,8.5,42.3
2022-12-28,727.0,Batticaloa,27.2,74.4,2.0,14.1,29.6
2022-12-29,728.0,Matara,28.3,83.3,3.1,8.0,33.4
2022-12-30,729.0,Nuwara Eliya,,70.3,7.5,21.9,
2022-12-31,730.0,Mullaitivu,31.0,74.5,5.3,17.2,39.0
2023-01-01,731.0,Ratnapura,30.1,86.0,10.8,18.0,39.8
2023-01-02,732.0,Polonnaruwa,28.8,70.0,3.3,7.1,32.3
2023-01-03,,Matara,28.5,86.3,0.0,21.5,34.6
2023-01-04,,Kandy,18.9,74.4,0.0,18.2,
2023-01-05,735.0,Matara,28.2,77.4,7.5,11.6,32.2
2023-01-06,736.0,Kurunegala,26.2,,6.7,7.3,
2023-01-07,737.0,Matale,16.8,73.3,1.3,14.6,
2023-01-08,738.0,Hambantota,27.0,82.5,0.0,12.7,30.0
2023-01-09,739.0,Kandy,17.7,77.2,0.0,12.9,
2023-01-10,740.0,Badulla,17.3,69.6,0.0,11.5,
2023-01-11,741.0,Ampara,28.0,,0.0,18.6,31.6
2023-01-12,742.0,Hambantota,28.4,68.8,0.0,5.0,31.3
2023-01-13,743.0,Colombo,27.1,89.3,0.0,22.1,30.9
2023-01-14,744.0,Polonnaruwa,29.2,73.1,0.0,20.0,33.8
2023-01-15,745.0,,25.3,74.6,2.7,16.1,
2023-01-16,746.0,Vavuniya,26.7,80.3,0.0,14.3,
2023-01-17,747.0,Batticaloa,25.9,69.8,9.9,,
2023-01-18,748.0,Vavuniya,24.2,69.4,0.0,14.8,
2023-01-19,749.0,Mannar,26.9,72.7,3.5,13.6,
2023-01-20,750.0,Kalutara,26.8,89.1,12.9,20.7,
2023-01-21,751.0,Nuwara Eliya,20.3,68.9,0.0,25.5,
2023-01-22,752.0,Kurunegala,27.9,63.7,3.5,10.1,29.7
2023-01-23,753.0,Puttalam,25.5,73.2,0.0,17.1,
2023-01-24,754.0,Matale,20.8,77.2,,9.6,
2023-01-25,755.0,Trincomalee,28.8,79.8,0.0,17.5,34.1
2023-01-26,756.0,Kegalle,27.9,83.1,5.7,,32.3
2023-01-27,757.0,Gampaha,26.7,83.3,34.5,21.1,
2023-01-28,758.0,Jaffna,25.6,79.6,0.0,,
2023-01-29,759.0,Ratnapura,26.4,77.5,2.7,15.2,
2023-01-30,760.0,Kurunegala,28.6,73.4,0.0,23.2,32.4
2023-01-31,761.0,Vavuniya,29.8,75.7,5.9,11.3,35.9
2023-02-01,762.0,Matale,19.3,76.3,1.9,18.4,
2023-02-02,763.0,Moneragala,25.3,72.5,2.1,11.8,
2023-02-03,764.0,Ratnapura,24.3,84.6,0.0,,
2023-02-04,765.0,Colombo,26.2,74.5,4.2,23.9,
2023-02-05,766.0,Badulla,14.3,71.9,6.1,13.7,
2023-02-06,767.0,Colombo,26.5,86.3,,5.0,
2023-02-07,,Kurunegala,25.8,70.6,0.0,11.6,
2023-02-08,,Trincomalee,25.3,74.7,0.0,,
2023-02-09,770.0,,23.6,76.3,,12.0,
2023-02-10,771.0,Kilinochchi,26.8,73.1,0.0,23.9,
2023-02-11,772.0,,25.2,75.2,0.2,12.0,
2023-02-12,773.0,Kegalle,,80.6,0.0,11.8,
2023-02-13,774.0,Badulla,12.7,73.7,0.0,18.9,
2023-02-14,775.0,Ampara,26.0,76.9,16.1,18.3,
2023-02-15,776.0,Vavuniya,28.7,75.1,4.9,19.3,33.0
2023-02-16,777.0,,28.5,82.1,8.5,15.0,33.8
2023-02-17,778.0,Gampaha,25.3,,3.6,20.2,
2023-02-18,779.0,Hambantota,25.1,77.4,2.2,19.8,
2023-02-19,780.0,Kalutara,26.7,76.3,0.0,20.7,
2023-02-20,781.0,Colombo,24.5,89.1,0.0,11.9,
2023-02-21,782.0,Polonnaruwa,26.5,73.2,0.9,20.2,
2023-02-22,783.0,Batticaloa,27.1,76.2,14.9,12.4,29.6
2023-02-23,784.0,Moneragala,27.8,79.3,2.7,14.2,31.5
2023-02-24,785.0,Nuwara Eliya,16.8,69.0,0.0,14.1,
2023-02-25,786.0,Ampara,25.7,71.7,0.0,10.0,
2023-02-26,787.0,Matale,15.7,73.3,0.0,6.3,
2023-02-27,,Matale,15.8,71.4,7.7,21.1,
2023-02-28,789.0,Nuwara Eliya,16.7,81.4,2.1,11.5,
2023-03-01,790.0,Kalutara,25.8,79.4,9.6,13.7,
2023-03-02,791.0,Polonnaruwa,26.6,70.6,0.0,11.3,
2023-03-03,792.0,Moneragala,24.1,73.6,3.0,13.7,
2023-03-04,793.0,Matale,18.5,68.0,4.2,,
2023-03-05,794.0,Polonnaruwa,24.9,71.2,0.0,21.4,
2023-03-06,795.0,Matale,16.2,74.1,7.1,12.0,
2023-03-07,796.0,Jaffna,24.1,71.5,,23.6,
2023-03-08,797.0,Jaffna,21.6,72.4,0.0,20.7,
2023-03-09,798.0,,26.6,70.7,15.2,12.6,
2023-03-10,799.0,,26.4,66.7,2.1,16.6,
2023-03-11,800.0,Polonnaruwa,24.8,74.1,1.8,17.6,
2023-03-12,801.0,Mannar,25.4,79.8,0.4,19.2,
2023-03-13,802.0,Hambantota,26.0,72.9,0.0,19.7,
2023-03-14,803.0,Mannar,22.9,73.7,2.1,15.9,
2023-03-15,804.0,Colombo,24.5,85.6,2.8,10.2,
2023-03-16,805.0,Puttalam,26.5,67.7,15.4,18.2,
2023-03-17,806.0,Vavuniya,23.4,79.6,6.9,13.8,
2023-03-18,807.0,Vavuniya,25.7,73.6,0.0,5.0,
2023-03-19,808.0,Kandy,14.2,79.3,0.0,17.0,
2023-03-20,809.0,Colombo,26.0,79.9,2.4,,
2023-03-21,810.0,Ampara,25.2,80.1,0.0,12.7,
2023-03-22,811.0,Matara,22.8,,2.9,15.0,
2023-03-23,812.0,Gampaha,27.0,85.0,0.0,7.2,30.2
2023-03-24,813.0,,24.2,83.7,0.0,15.7,
2023-03-25,814.0,Galle,24.1,81.8,0.0,13.4,
2023-03-26,815.0,Gampaha,25.6,,8.9,10.6,
2023-03-27,816.0,Badulla,18.0,73.4,0.0,15.2,
2023-03-28,817.0,Badulla,14.7,64.9,16.7,6.5,
2023-03-29,818.0,Kalutara,25.4,78.3,4.0,15.4,
2023-03-30,819.0,Kurunegala,25.9,72.1,0.0,17.4,
2023-03-31,820.0,Mullaitivu,26.3,74.0,4.3,16.5,
2023-04-01,821.0,,25.3,80.1,1.7,18.9,
2023-04-02,822.0,Badulla,15.4,75.2,12.6,20.8,
2023-04-03,823.0,Mullaitivu,23.8,,0.4,14.6,
2023-04-04,824.0,Matale,16.1,70.9,0.0,20.5,
2023-04-05,825.0,Kegalle,23.4,73.1,0.0,14.6,
2023-04-06,826.0,Ampara,20.6,73.4,12.2,11.5,
2023-04-07,827.0,Batticaloa,25.7,70.0,0.0,13.0,
2023-04-08,,Trincomalee,26.4,72.0,10.1,16.3,
2023-04-09,829.0,Moneragala,21.5,66.9,1.3,20.4,
2023-04-10,830.0,Trincomalee,23.5,75.5,0.0,15.0,
2023-04-11,831.0,Matale,16.9,74.5,1.1,11.6,
2023-04-12,832.0,Polonnaruwa,28.1,72.7,,22.2,31.2
2023-04-13,833.0,Mannar,25.0,69.8,0.0,7.8,
2023-04-14,834.0,,23.9,82.7,0.0,,
2023-04-15,835.0,Kilinochchi,24.7,67.5,1.9,19.5,
2023-04-16,836.0,Puttalam,27.1,73.8,0.0,23.8,29.4
2023-04-17,837.0,Galle,24.0,87.0,5.5,17.4,
2023-04-18,838.0,Nuwara Eliya,14.8,74.6,16.6,16.2,
2023-04-19,839.0,Gampaha,24.3,77.4,3.1,13.5,
2023-04-20,840.0,Nuwara Eliya,14.6,71.8,2.4,17.7,
2023-04-21,841.0,Kurunegala,25.2,65.2,5.4,15.6,
2023-04-22,842.0,Gampaha,27.4,82.6,0.0,11.2,
2023-04-23,843.0,Kurunegala,25.5,72.2,,13.5,
2023-04-24,844.0,Trincomalee,24.6,62.9,,10.7,
2023-04-25,845.0,Puttalam,24.6,65.7,1.1,15.1,
2023-04-26,846.0,Gampaha,22.7,79.2,5.7,15.8,
2023-04-27,847.0,Anuradhapura,26.3,69.2,2.8,,
2023-04-28,848.0,Kegalle,24.9,75.5,1.8,12.0,
2023-04-29,849.0,Nuwara Eliya,15.7,71.9,16.6,14.1,
2023-04-30,850.0,Colombo,29.8,81.4,8.5,21.3,37.4
2023-05-01,851.0,Ratnapura,25.7,77.0,4.2,24.0,
2023-05-02,852.0,Trincomalee,24.1,64.8,0.0,17.4,
2023-05-03,853.0,Moneragala,24.6,72.0,3.5,13.7,
2023-05-04,854.0,Jaffna,27.0,74.4,0.2,12.6,29.2
2023-05-05,855.0,Puttalam,25.4,65.9,8.8,5.8,
2023-05-06,856.0,Ampara,23.1,65.4,17.9,10.4,
2023-05-07,857.0,Matale,,69.8,3.1,15.5,
2023-05-08,,Kandy,15.3,66.4,0.0,14.1,
2023-05-09,859.0,Jaffna,28.1,67.3,1.7,18.1,30.5
2023-05-10,860.0,,26.9,80.8,13.3,14.0,
2023-05-11,861.0,Ampara,24.6,60.2,0.0,11.4,
2023-05-12,,Jaffna,27.2,73.1,3.4,16.7,29.5
2023-05-13,863.0,Ampara,25.4,,5.1,27.5,
2023-05-14,864.0,Anuradhapura,26.5,66.2,8.1,13.4,
2023-05-15,865.0,Ratnapura,26.0,77.5,0.0,15.7,
2023-05-16,,,15.0,67.7,0.2,19.2,
2023-05-17,867.0,,24.3,70.9,11.8,12.1,
2023-05-18,868.0,Nuwara Eliya,17.8,73.8,9.7,21.4,
2023-05-19,869.0,Polonnaruwa,24.8,68.0,0.0,7.1,
2023-05-20,870.0,Gampaha,24.7,79.6,17.6,13.0,
2023-05-21,871.0,Vavuniya,23.8,71.6,,13.4,
2023-05-22,872.0,,25.9,63.7,0.9,15.8,
2023-05-23,873.0,Kilinochchi,28.4,69.7,2.2,5.1,31.4
2023-05-24,874.0,Batticaloa,23.7,66.7,0.0,21.8,
2023-05-25,875.0,Kilinochchi,25.3,71.2,1.9,17.1,
2023-05-26,876.0,Puttalam,27.4,59.3,1.1,20.6,28.5
2023-05-27,877.0,Trincomalee,25.1,67.4,4.3,23.1,
2023-05-28,878.0,Kegalle,25.9,75.4,23.2,11.3,
2023-05-29,879.0,Moneragala,23.7,69.5,0.7,5.0,
2023-05-30,880.0,Moneragala,25.9,69.7,0.0,,
2023-05-31,881.0,,25.0,65.0,10.2,13.6,
2023-06-01,882.0,Kilinochchi,27.5,63.0,0.0,9.3,29.0
2023-06-02,883.0,Badulla,18.8,65.4,0.0,17.9,
2023-06-03,884.0,Batticaloa,29.9,62.3,4.0,27.3,33.1
2023-06-04,885.0,Matara,26.9,79.2,2.6,14.5,
2023-06-05,886.0,Kandy,17.5,64.4,24.6,19.8,
2023-06-06,887.0,Matara,26.3,64.2,14.0,10.1,
2023-06-07,888.0,Kandy,16.5,64.4,7.2,6.6,
2023-06-08,889.0,Ratnapura,26.5,,,19.6,
2023-06-09,890.0,,25.6,69.3,1.4,17.7,
2023-06-10,891.0,Kalutara,26.3,70.9,0.0,12.7,
2023-06-11,,Kalutara,28.0,76.3,7.7,23.5,31.5
2023-06-12,893.0,,24.5,71.2,8.0,6.2,
2023-06-13,894.0,Puttalam,27.7,67.1,1.3,8.8,29.8
2023-06-14,895.0,Puttalam,28.0,63.4,0.0,12.3,29.8
2023-06-15,896.0,Polonnaruwa,25.8,67.7,0.0,13.2,
2023-06-16,897.0,Matale,13.8,64.0,0.0,22.3,
2023-06-17,898.0,Kurunegala,25.1,63.1,0.0,,
2023-06-18,899.0,Jaffna,27.9,61.2,2.5,14.0,29.4
2023-06-19,900.0,Badulla,17.0,58.9,0.0,8.6,
2023-06-20,901.0,Polonnaruwa,24.5,,0.0,20.4,
2023-06-21,902.0,Nuwara Eliya,16.2,66.5,0.0,9.3,
2023-06-22,903.0,Colombo,27.3,75.5,,8.6,29.9
2023-06-23,904.0,Matale,17.8,,0.0,13.0,
2023-06-24,905.0,,25.6,62.1,4.0,15.8,
2023-06-25,906.0,Mullaitivu,,68.3,1.3,11.4,
2023-06-26,907.0,Mannar,25.4,60.6,0.0,18.5,
2023-06-27,908.0,Gampaha,24.6,79.0,14.9,13.6,
2023-06-28,909.0,Ampara,28.4,61.8,6.4,20.3,30.3
2023-06-29,910.0,Mannar,25.5,62.8,0.0,17.5,
2023-06-30,911.0,Vavuniya,27.8,60.0,6.9,24.0,29.2
2023-07-01,912.0,Hambantota,29.3,63.0,1.0,12.8,32.1
2023-07-02,913.0,Kegalle,28.5,78.9,0.6,19.2,33.2
2023-07-03,914.0,,26.4,67.1,7.7,6.1,
2023-07-04,915.0,Kegalle,27.6,78.9,0.0,29.5,31.0
2023-07-05,916.0,Badulla,18.0,67.1,12.5,19.0,
2023-07-06,917.0,Trincomalee,,60.6,3.7,13.5,
2023-07-07,918.0,Ratnapura,27.5,73.7,9.5,13.7,30.1
2023-07-08,,Kilinochchi,25.2,61.9,0.0,13.8,
,920.0,Batticaloa,28.8,70.3,2.8,24.2,32.3
2023-07-10,921.0,Ampara,26.3,60.2,4.0,19.5,
2023-07-11,922.0,Kandy,,68.6,1.4,12.8,
2023-07-12,923.0,Colombo,27.4,78.6,0.0,8.8,30.5
2023-07-13,924.0,Matara,26.6,82.3,9.3,21.0,
2023-07-14,925.0,Ampara,27.9,63.4,1.3,19.2,29.7
2023-07-15,926.0,Kalutara,26.3,77.9,24.9,18.5,
2023-07-16,927.0,Anuradhapura,28.3,74.1,0.7,14.6,31.9
2023-07-17,928.0,Trincomalee,25.0,62.5,3.7,13.5,
2023-07-18,929.0,Trincomalee,27.2,58.9,5.4,23.4,28.3
2023-07-19,930.0,Ratnapura,29.9,67.5,6.8,23.9,34.2
2023-07-20,931.0,Badulla,16.5,67.9,12.2,18.2,
2023-07-21,,Mannar,26.0,57.5,2.3,19.8,
2023-07-22,933.0,Moneragala,27.8,63.5,0.0,16.2,29.5
2023-07-23,934.0,Mannar,27.3,66.8,2.6,,29.1
2023-07-24,935.0,Ratnapura,,75.8,4.8,10.1,30.4
2023-07-25,936.0,Gampaha,27.7,76.7,4.2,20.7,30.9
2023-07-26,,Vavuniya,28.0,65.9,6.0,21.4,30.1
2023-07-27,938.0,Mannar,28.7,,8.0,20.3,
2023-07-28,939.0,Ratnapura,27.6,71.2,4.3,16.7,30.0
2023-07-29,940.0,Puttalam,26.6,62.3,0.0,20.5,
2023-07-30,941.0,Galle,28.0,71.9,7.6,14.7,30.9
2023-07-31,942.0,Kalutara,29.8,78.3,0.0,18.1,36.6
2023-08-01,943.0,Trincomalee,27.8,69.1,0.0,14.0,30.2
2023-08-02,944.0,,26.5,67.3,3.4,9.7,
2023-08-03,945.0,Mannar,29.7,70.2,1.6,19.3,34.4
2023-08-04,946.0,Kilinochchi,27.8,60.8,5.3,21.4,29.2
2023-08-05,947.0,Trincomalee,24.7,72.2,0.0,27.4,
2023-08-06,948.0,Vavuniya,29.3,71.6,0.0,16.3,33.7
2023-08-07,949.0,Kurunegala,27.2,68.4,23.3,9.8,29.1
2023-08-08,950.0,Nuwara Eliya,18.9,,8.1,13.4,
2023-08-09,951.0,Kalutara,28.5,68.9,0.0,14.3,31.5
2023-08-10,952.0,,28.3,63.4,4.3,,30.3
2023-08-11,953.0,Trincomalee,29.1,62.6,14.0,,31.6
2023-08-12,954.0,Kegalle,27.3,78.4,5.6,16.8,
2023-08-13,955.0,Moneragala,28.8,61.3,2.0,18.9,30.9
2023-08-14,956.0,Matale,,68.5,0.0,16.0,
2023-08-15,957.0,,29.1,71.0,2.9,5.0,33.1
2023-08-16,958.0,Galle,28.9,78.3,10.8,16.1,34.1
2023-08-17,959.0,Kegalle,26.6,76.6,0.0,15.4,
2023-08-18,960.0,Ampara,29.6,,3.2,17.8,32.4
2023-08-19,961.0,Galle,27.2,72.1,3.5,13.2,29.4
2023-08-20,962.0,Badulla,20.2,,,16.1,
2023-08-21,963.0,Mullaitivu,28.6,68.6,0.0,17.8,31.6
2023-08-22,964.0,Kegalle,30.8,75.3,0.0,14.2,38.7
2023-08-23,965.0,Ampara,27.7,63.8,0.0,18.4,29.4
2023-08-24,966.0,Vavuniya,27.5,57.4,19.5,15.4,28.5
2023-08-25,967.0,Anuradhapura,28.0,61.2,2.8,15.8,29.6
2023-08-26,968.0,Kegalle,27.5,83.1,,5.0,31.3
2023-08-27,969.0,Kandy,20.2,60.4,2.1,9.3,
2023-08-28,970.0,Jaffna,25.6,66.3,1.6,9.3,
2023-08-29,971.0,,26.4,79.5,24.6,16.1,
2023-08-30,,Hambantota,26.4,60.5,8.1,21.4,
2023-08-31,973.0,Vavuniya,29.4,66.2,4.9,14.4,32.9
2023-09-01,974.0,Kurunegala,31.3,71.0,0.8,19.2,38.7
2023-09-02,975.0,,28.6,67.2,4.3,18.2,31.4
2023-09-03,976.0,Kandy,19.5,78.7,0.0,15.7,
2023-09-04,977.0,Trincomalee,28.8,60.5,0.0,17.9,30.8
2023-09-05,978.0,Badulla,21.5,71.4,0.0,,
2023-09-06,979.0,Gampaha,27.3,76.5,6.6,14.3,30.0
2023-09-07,,Trincomalee,,70.3,0.0,17.0,33.0
2023-09-08,981.0,Matara,30.2,79.0,0.0,22.2,38.0
2023-09-09,982.0,Matara,,74.3,13.3,17.4,34.8
2023-09-10,983.0,Ampara,29.0,68.1,0.0,16.1,32.4
2023-09-11,984.0,Mullaitivu,30.2,59.8,0.0,10.6,
2023-09-12,985.0,Puttalam,24.7,69.6,0.0,22.1,
2023-09-13,986.0,Jaffna,,68.4,4.2,8.0,34.0
2023-09-14,987.0,Hambantota,27.8,69.8,0.0,6.5,30.3
2023-09-15,,Matale,17.0,71.4,2.3,16.9,
2023-09-16,989.0,Nuwara Eliya,20.5,68.7,5.0,10.6,
2023-09-17,990.0,Anuradhapura,30.8,67.8,1.6,20.4,36.4
2023-09-18,991.0,Gampaha,28.5,73.7,3.5,6.6,32.3
2023-09-19,992.0,Ratnapura,30.2,74.4,8.3,19.8,36.7
2023-09-20,993.0,Vavuniya,31.2,71.9,0.0,19.1,38.7
2023-09-21,994.0,Nuwara Eliya,21.7,72.9,0.0,15.6,
2023-09-22,995.0,Matale,22.2,66.2,,5.0,
2023-09-23,996.0,Kegalle,29.8,77.4,0.0,6.4,36.4
2023-09-24,997.0,Colombo,28.8,73.6,0.0,16.2,32.9
2023-09-25,998.0,Polonnaruwa,26.3,71.9,0.0,13.8,
2023-09-26,999.0,Badulla,19.4,69.9,3.2,18.6,
2023-09-27,1000.0,,27.5,75.0,3.3,14.7,30.3
2023-09-28,1001.0,Nuwara Eliya,23.0,63.7,0.0,14.2,
2023-09-29,1002.0,Nuwara Eliya,19.5,65.7,5.4,,
2023-09-30,1003.0,Moneragala,28.9,68.1,,19.1,32.2
2023-10-01,1004.0,Batticaloa,29.8,72.2,,11.8,35.1
2023-10-02,1005.0,Kandy,20.1,68.8,5.7,13.0,
2023-10-03,1006.0,Kilinochchi,31.5,66.2,0.0,9.7,37.7
2023-10-04,1007.0,Ratnapura,28.1,83.2,0.0,7.3,32.9
2023-10-05,1008.0,Moneragala,,72.5,,22.4,33.9
2023-10-06,1009.0,Hambantota,27.9,66.0,4.1,19.0,30.0
2023-10-07,1010.0,Moneragala,27.0,75.1,8.6,19.1,29.3
2023-10-08,1011.0,Kalutara,28.1,84.3,0.0,13.9,33.1
2023-10-09,1012.0,Puttalam,28.9,70.2,7.6,6.3,32.5
2023-10-10,1013.0,Matara,28.4,80.0,6.0,25.5,33.1
2023-10-11,1014.0,Matale,19.0,71.9,5.1,17.1,
2023-10-12,1015.0,Kandy,17.9,66.2,5.1,,
2023-10-13,1016.0,Ratnapura,,79.8,0.6,,34.4
2023-10-14,1017.0,Nuwara Eliya,17.7,61.0,0.0,5.0,
2023-10-15,1018.0,Gampaha,30.1,83.2,,20.7,38.9
2023-10-16,1019.0,Anuradhapura,29.1,63.4,1.0,9.7,31.8
2023-10-17,1020.0,Kilinochchi,26.8,75.7,3.2,17.7,
2023-10-18,1021.0,Kandy,19.5,68.3,3.2,18.9,
2023-10-19,1022.0,,27.9,68.8,14.2,16.7,30.3
2023-10-20,1023.0,Nuwara Eliya,20.5,67.1,3.1,17.3,
2023-10-21,1024.0,,22.0,68.5,12.7,21.7,
2023-10-22,1025.0,Ampara,26.2,75.3,5.0,11.0,
2023-10-23,1026.0,,29.2,69.7,8.6,15.8,33.1
2023-10-24,,Nuwara Eliya,19.8,74.8,0.0,13.9,
2023-10-25,1028.0,Puttalam,30.0,71.0,0.0,5.8,35.3
2023-10-26,1029.0,Kegalle,29.3,74.8,13.2,16.4,34.4
2023-10-27,1030.0,,27.9,75.3,0.7,21.3,31.2
2023-10-28,1031.0,Trincomalee,28.5,76.4,21.2,21.9,32.7
2023-10-29,1032.0,Kilinochchi,27.8,65.9,5.0,24.3,29.8
2023-10-30,1033.0,,30.6,75.0,0.0,6.1,38.0
2023-10-31,1034.0,Puttalam,29.0,74.2,0.0,23.1,33.5
2023-11-01,,Vavuniya,31.6,73.5,15.8,15.9,40.5
2023-11-02,1036.0,Mullaitivu,28.6,68.4,0.0,23.0,31.6
2023-11-03,1037.0,Matale,18.7,73.1,0.0,13.0,
2023-11-04,1038.0,Nuwara Eliya,17.5,68.1,0.0,12.3,
2023-11-05,1039.0,Badulla,17.0,76.6,0.0,8.9,
2023-11-06,1040.0,Kandy,17.4,76.4,1.1,18.9,
2023-11-07,1041.0,Puttalam,29.1,74.3,0.0,17.6,33.8
2023-11-08,1042.0,Anuradhapura,29.5,73.6,4.2,9.4,34.6
,1043.0,Colombo,26.4,89.2,0.0,5.0,
2023-11-10,1044.0,Anuradhapura,30.1,72.2,6.6,17.1,35.8
2023-11-11,,Ampara,28.0,67.5,0.0,17.6,30.3
2023-11-12,1046.0,Mullaitivu,29.0,74.0,15.3,10.1,33.5
2023-11-13,1047.0,Trincomalee,31.2,80.5,8.2,9.1,41.7
2023-11-14,1048.0,Colombo,30.1,78.1,0.0,18.3,37.4
2023-11-15,1049.0,Mannar,28.3,70.7,0.8,24.3,31.4
2023-11-16,1050.0,Nuwara Eliya,18.4,73.9,5.0,12.5,
2023-11-17,1051.0,Matale,16.5,72.0,3.9,10.6,
2023-11-18,1052.0,Kilinochchi,27.7,,0.0,16.5,29.9
2023-11-19,1053.0,Kandy,19.4,76.7,1.6,18.2,
2023-11-20,1054.0,Vavuniya,27.3,81.5,6.0,13.2,30.6
2023-11-21,1055.0,Kilinochchi,28.5,73.0,0.0,25.1,32.2
2023-11-22,,Kalutara,28.8,78.6,0.0,19.5,33.9
2023-11-23,1057.0,Colombo,28.4,76.0,4.7,13.1,32.4
2023-11-24,1058.0,Nuwara Eliya,18.8,73.2,3.2,7.0,
2023-11-25,,Kurunegala,29.0,76.6,6.3,21.6,34.0
2023-11-26,1060.0,,29.4,84.1,11.8,21.0,36.9
2023-11-27,1061.0,Jaffna,27.1,72.2,2.5,13.5,29.2
2023-11-28,1062.0,Matale,21.8,69.8,0.0,16.8,
2023-11-29,1063.0,Moneragala,28.6,67.8,0.0,14.2,31.5
2023-11-30,1064.0,Jaffna,28.8,75.5,3.0,17.6,33.3
2023-12-01,1065.0,Mullaitivu,29.1,,2.5,9.9,
2023-12-02,1066.0,Gampaha,28.3,78.0,0.0,9.2,32.5
2023-12-03,1067.0,Vavuniya,29.4,80.5,14.1,19.1,36.0
2023-12-04,1068.0,Matara,28.4,86.4,9.9,19.7,34.3
2023-12-05,1069.0,Gampaha,27.1,89.7,10.3,12.5,31.0
2023-12-06,,Anuradhapura,28.5,68.8,1.8,11.3,
2023-12-07,1071.0,Colombo,26.3,78.7,4.5,20.7,
2023-12-08,1072.0,Matale,19.2,73.5,0.0,11.4,
2023-12-09,1073.0,Hambantota,28.0,76.2,1.5,15.3,31.5
2023-12-10,1074.0,Ampara,27.7,81.3,1.7,14.6,
2023-12-11,1075.0,Hambantota,27.8,,2.6,7.7,31.2
2023-12-12,1076.0,Kilinochchi,25.2,73.2,2.2,16.0,
2023-12-13,1077.0,Trincomalee,27.2,70.0,15.9,15.5,29.2
2023-12-14,1078.0,,28.1,89.1,0.0,16.8,33.9
2023-12-15,1079.0,Nuwara Eliya,19.2,70.3,0.0,,
2023-12-16,1080.0,Moneragala,26.5,80.7,6.9,25.7,
2023-12-17,1081.0,Kalutara,29.9,83.0,0.0,20.8,38.2
2023-12-18,1082.0,Ampara,26.7,80.5,0.0,15.2,
2023-12-19,1083.0,Matale,20.5,,9.7,15.7,
2023-12-20,1084.0,Mullaitivu,28.6,73.6,1.6,23.8,32.5
2023-12-21,1085.0,Kurunegala,27.0,72.1,0.0,19.3,29.0
2023-12-22,1086.0,Mannar,30.7,72.8,2.2,8.9,37.6
2023-12-23,1087.0,Polonnaruwa,26.2,75.9,0.6,,
2023-12-24,1088.0,Ratnapura,29.4,84.5,5.8,21.2,37.0
2023-12-25,1089.0,Kilinochchi,29.5,71.8,0.7,23.1,34.2
2023-12-26,1090.0,Hambantota,27.0,73.5,1.4,13.0,29.2
2023-12-27,1091.0,Gampaha,30.1,,0.0,12.6,39.3
2023-12-28,1092.0,Mullaitivu,27.6,65.6,0.0,10.3,29.4
2023-12-29,1093.0,Kalutara,28.4,86.0,10.9,16.5,34.2
2023-12-30,1094.0,Kalutara,28.4,80.2,7.7,18.7,33.2
2023-12-31,1095.0,Colombo,27.8,79.5,5.1,12.4,
2024-01-01,1096.0,Matara,28.2,78.2,8.4,14.3,32.3
2024-01-02,1097.0,Badulla,19.2,67.8,0.9,5.0,
2024-01-03,1098.0,Matara,24.4,79.6,12.6,22.5,
2024-01-04,,Kilinochchi,29.0,72.2,0.0,7.2,33.1
2024-01-05,1100.0,Hambantota,24.5,82.8,0.0,16.9,
2024-01-06,1101.0,Matale,19.5,72.9,4.9,16.2,
2024-01-07,1102.0,Mannar,28.7,75.7,0.0,15.2,33.1
2024-01-08,1103.0,Kalutara,25.4,86.6,0.0,15.3,
2024-01-09,1104.0,Polonnaruwa,26.4,75.5,3.5,9.9,
2024-01-10,1105.0,Matale,16.3,74.7,31.3,13.4,
2024-01-11,1106.0,Matale,17.7,70.2,6.3,19.8,
2024-01-12,1107.0,Puttalam,26.5,80.8,0.0,21.3,
2024-01-13,1108.0,,28.2,82.2,0.0,12.9,33.0
2024-01-14,1109.0,Kandy,20.0,68.3,0.0,7.2,
2024-01-15,1110.0,Kegalle,29.1,80.9,6.3,11.1,35.2
2024-01-16,1111.0,Vavuniya,26.2,73.9,0.0,24.3,
2024-01-17,1112.0,Jaffna,26.7,71.1,1.2,11.4,
2024-01-18,1113.0,Kegalle,24.5,87.0,9.1,14.5,
2024-01-19,1114.0,Kurunegala,25.8,72.1,5.6,22.1,
2024-01-20,1115.0,Matara,28.4,93.6,0.0,12.4,35.8
2024-01-21,1116.0,Matara,29.4,89.7,7.9,14.2,38.4
2024-01-22,1117.0,Galle,25.1,85.8,43.2,19.0,
2024-01-23,1118.0,Matara,26.1,89.1,5.6,23.6,
2024-01-24,1119.0,Mannar,27.0,79.4,5.6,11.8,29.7
2024-01-25,,,27.4,72.7,0.0,22.0,29.8
2024-01-26,1121.0,Nuwara Eliya,16.8,71.7,12.4,13.6,
2024-01-27,1122.0,,27.6,85.3,0.0,10.6,31.8
2024-01-28,1123.0,Moneragala,26.3,78.4,0.0,16.2,
2024-01-29,1124.0,Trincomalee,27.0,75.5,0.0,9.2,29.3
2024-01-30,1125.0,Colombo,27.8,78.7,3.8,17.4,31.4
2024-01-31,1126.0,Kegalle,27.0,81.8,0.8,,29.9
2024-02-01,1127.0,Ampara,25.3,74.2,0.0,20.5,
2024-02-02,1128.0,Colombo,25.8,84.2,20.1,14.5,
2024-02-03,1129.0,Trincomalee,25.9,82.4,0.0,20.3,
2024-02-04,1130.0,Moneragala,25.4,69.0,,10.3,
2024-02-05,1131.0,Gampaha,25.6,86.5,0.0,11.2,
2024-02-06,1132.0,Mannar,28.4,80.5,0.0,14.6,33.2
2024-02-07,1133.0,Polonnaruwa,26.8,83.6,3.2,15.4,
2024-02-08,1134.0,Matara,25.6,82.9,0.0,8.5,
2024-02-09,1135.0,Matara,27.0,86.5,12.8,13.5,30.4
2024-02-10,1136.0,Puttalam,25.5,76.8,0.0,14.3,
2024-02-11,1137.0,Galle,27.8,85.3,2.6,,32.4
2024-02-12,1138.0,Puttalam,26.6,74.1,0.0,8.5,
2024-02-13,1139.0,Nuwara Eliya,16.8,76.2,11.8,,
2024-02-14,1140.0,Nuwara Eliya,17.7,64.4,2.4,15.9,
2024-02-15,1141.0,Kalutara,23.6,87.2,0.0,20.8,
2024-02-16,,Galle,24.3,85.0,4.2,17.8,
2024-02-17,1143.0,Puttalam,24.2,73.6,0.0,16.5,
2024-02-18,,Matara,26.2,,18.4,13.6,
2024-02-19,1145.0,Jaffna,28.6,71.8,0.0,18.4,32.2
2024-02-20,,Anuradhapura,29.3,,1.3,19.1,34.0
2024-02-21,1147.0,Trincomalee,27.0,82.5,3.5,13.7,30.0
2024-02-22,1148.0,Trincomalee,26.8,71.2,3.4,10.3,
2024-02-23,1149.0,Colombo,23.3,82.3,3.6,10.3,
2024-02-24,1150.0,Anuradhapura,25.2,73.9,2.8,19.4,
2024-02-25,1151.0,Galle,24.8,87.9,,7.3,
2024-02-26,1152.0,Kandy,16.1,75.3,2.4,23.4,
2024-02-27,1153.0,Nuwara Eliya,16.7,69.3,2.9,12.7,
2024-02-28,1154.0,Kegalle,25.3,82.4,0.0,16.5,
2024-02-29,1155.0,Colombo,23.0,82.1,12.3,18.5,
2024-03-01,1156.0,Matale,17.4,72.5,1.1,11.6,
2024-03-02,1157.0,Moneragala,23.7,74.5,,12.7,
2024-03-03,1158.0,Colombo,25.6,84.5,5.0,15.7,
2024-03-04,1159.0,Kandy,19.4,65.7,0.0,10.7,
2024-03-05,1160.0,Badulla,14.9,77.1,1.0,9.7,
2024-03-06,1161.0,Gampaha,21.5,83.8,,10.1,
2024-03-07,1162.0,Jaffna,24.8,78.3,0.0,21.0,
,1163.0,,17.9,74.6,0.0,17.0,
2024-03-09,,Jaffna,28.2,77.2,5.6,11.0,32.1
2024-03-10,1165.0,Colombo,23.4,84.7,0.0,19.4,
2024-03-11,1166.0,Badulla,17.0,78.2,0.0,11.3,
2024-03-12,1167.0,Nuwara Eliya,15.6,74.9,5.9,5.2,
2024-03-13,1168.0,Vavuniya,25.1,72.4,0.0,18.5,
2024-03-14,1169.0,Trincomalee,29.2,81.9,0.0,23.2,35.7
2024-03-15,1170.0,Kandy,14.0,76.4,0.0,17.8,
2024-03-16,1171.0,Vavuniya,25.6,75.1,0.0,5.6,
2024-03-17,1172.0,Ratnapura,26.0,,12.1,14.9,
2024-03-18,1173.0,Anuradhapura,26.9,67.6,0.0,13.6,
2024-03-19,1174.0,Ratnapura,25.4,84.0,12.1,16.9,
2024-03-20,1175.0,Trincomalee,25.7,73.4,7.5,10.8,
2024-03-21,1176.0,Matara,24.7,80.3,0.0,13.3,
2024-03-22,1177.0,Matale,16.7,73.4,0.0,7.9,
2024-03-23,,Trincomalee,24.8,79.2,17.8,,
2024-03-24,1179.0,Kandy,17.2,75.6,10.0,8.1,
2024-03-25,1180.0,Mullaitivu,24.7,68.2,0.0,17.2,
2024-03-26,1181.0,Vavuniya,25.8,72.4,0.0,11.2,
2024-03-27,1182.0,,25.2,79.6,0.9,5.0,
2024-03-28,1183.0,Puttalam,,71.2,0.0,19.0,29.0
2024-03-29,1184.0,Puttalam,25.2,71.1,0.0,17.5,
2024-03-30,1185.0,Kandy,13.6,70.9,7.0,21.8,
2024-03-31,1186.0,Kandy,18.2,,1.0,5.0,
2024-04-01,1187.0,Kilinochchi,23.6,69.8,0.0,11.7,
2024-04-02,1188.0,Matale,15.0,68.1,17.6,15.7,
2024-04-03,1189.0,Anuradhapura,24.1,58.6,0.0,17.9,
2024-04-04,1190.0,Kilinochchi,27.1,78.6,,7.7,29.8
2024-04-05,1191.0,Jaffna,,74.7,1.1,17.2,
2024-04-06,1192.0,Matara,29.7,78.8,13.7,12.1,36.4
2024-04-07,1193.0,Nuwara Eliya,17.6,70.4,6.2,5.7,
2024-04-08,1194.0,Nuwara Eliya,16.3,65.7,11.7,11.2,
2024-04-09,1195.0,Matara,24.9,87.1,2.9,17.6,
2024-04-10,1196.0,Moneragala,25.4,77.9,10.5,5.9,
2024-04-11,1197.0,Trincomalee,25.8,,0.0,18.2,
2024-04-12,1198.0,Mannar,26.0,74.4,2.6,16.4,
2024-04-13,1199.0,Kilinochchi,25.8,71.1,3.1,13.7,
2024-04-14,1200.0,Mullaitivu,25.1,65.0,1.3,6.8,
2024-04-15,1201.0,Vavuniya,24.7,68.7,0.0,7.2,
2024-04-16,1202.0,Matara,24.8,80.9,24.1,13.0,
2024-04-17,1203.0,Kurunegala,24.7,68.5,11.9,9.4,
2024-04-18,1204.0,Kegalle,26.7,79.5,2.3,13.3,
2024-04-19,1205.0,Colombo,25.9,80.0,23.7,19.5,
2024-04-20,1206.0,Trincomalee,20.6,70.0,,13.6,
2024-04-21,1207.0,Matara,26.0,,0.0,13.5,
2024-04-22,1208.0,Kilinochchi,25.3,66.1,0.0,13.5,
2024-04-23,1209.0,Mullaitivu,25.0,67.5,0.0,20.1,
2024-04-24,1210.0,Mullaitivu,24.4,65.2,3.7,21.5,
2024-04-25,1211.0,Kandy,,74.3,9.2,17.1,
2024-04-26,1212.0,Batticaloa,26.4,61.9,2.3,15.7,
2024-04-27,1213.0,Kandy,14.8,75.0,10.9,16.1,
2024-04-28,1214.0,Matale,16.6,75.9,0.0,22.1,
2024-04-29,1215.0,Ratnapura,23.5,79.1,0.0,17.4,
2024-04-30,1216.0,Matale,13.9,59.9,0.0,22.6,
2024-05-01,1217.0,Matara,24.3,76.4,0.0,12.9,
2024-05-02,1218.0,Jaffna,26.6,67.6,1.9,8.3,
2024-05-03,1219.0,,26.7,63.8,,11.7,
2024-05-04,1220.0,Hambantota,26.0,65.8,,12.2,
2024-05-05,1221.0,Badulla,17.4,73.9,0.0,23.0,
2024-05-06,1222.0,Puttalam,26.0,70.5,,18.7,
2024-05-07,1223.0,Mannar,24.3,64.1,5.6,11.8,
2024-05-08,1224.0,Matara,25.9,71.4,8.3,19.0,
2024-05-09,1225.0,Hambantota,26.5,66.5,,14.4,
2024-05-10,1226.0,Badulla,17.4,67.0,,23.2,
2024-05-11,1227.0,Kilinochchi,27.1,69.8,0.0,13.3,29.0
2024-05-12,1228.0,Moneragala,26.3,65.7,2.6,7.3,
2024-05-13,1229.0,Colombo,25.8,79.9,0.4,14.1,
2024-05-14,1230.0,,26.9,75.6,1.3,13.3,
2024-05-15,1231.0,Matale,16.2,71.1,10.8,8.3,
2024-05-16,1232.0,Polonnaruwa,23.9,67.6,,17.9,
2024-05-17,1233.0,Mannar,25.0,67.1,,22.1,
2024-05-18,1234.0,Kandy,15.2,66.4,0.0,9.4,
2024-05-19,1235.0,Badulla,15.3,72.5,13.8,19.9,
2024-05-20,1236.0,Moneragala,25.1,65.3,0.0,12.0,
2024-05-21,1237.0,,24.1,78.0,0.0,14.9,
2024-05-22,1238.0,Colombo,24.8,78.0,4.9,14.4,
2024-05-23,1239.0,Badulla,13.4,65.8,7.0,14.9,
2024-05-24,,Moneragala,25.6,62.3,0.0,17.4,
2024-05-25,1241.0,Puttalam,25.3,69.1,20.3,9.9,
2024-05-26,1242.0,Matara,24.0,,15.9,21.5,
2024-05-27,1243.0,Trincomalee,26.3,69.8,0.0,17.5,
2024-05-28,1244.0,Polonnaruwa,26.7,65.7,7.3,19.2,
2024-05-29,1245.0,Trincomalee,22.9,72.7,41.9,11.1,
2024-05-30,1246.0,Hambantota,24.1,64.3,3.9,9.4,
2024-05-31,1247.0,,24.1,,0.0,20.9,
2024-06-01,1248.0,Hambantota,24.6,58.9,0.0,9.2,
2024-06-02,1249.0,Jaffna,27.2,67.6,2.7,15.7,29.0
2024-06-03,1250.0,Anuradhapura,25.7,67.8,1.8,20.1,
2024-06-04,1251.0,Kegalle,25.6,72.7,14.3,14.4,
2024-06-05,1252.0,Polonnaruwa,23.0,67.6,0.0,20.9,
,1253.0,Hambantota,27.0,71.0,3.8,13.6,28.9
2024-06-07,1254.0,Kalutara,24.1,67.0,1.1,8.6,
2024-06-08,1255.0,Anuradhapura,26.1,,0.0,16.9,
2024-06-09,1256.0,Kegalle,26.4,65.9,3.1,,
2024-06-10,1257.0,,28.0,62.0,0.5,28.4,29.7
2024-06-11,1258.0,Nuwara Eliya,15.0,,0.0,10.3,
2024-06-12,1259.0,Gampaha,21.5,73.5,22.6,13.7,
2024-06-13,1260.0,Galle,26.3,71.2,0.0,11.3,
2024-06-14,1261.0,Kurunegala,28.7,65.1,6.4,,31.3
2024-06-15,1262.0,,27.9,84.1,5.1,14.1,32.5
2024-06-16,1263.0,Ampara,26.3,58.5,8.9,10.6,
2024-06-17,1264.0,Kilinochchi,25.3,61.7,2.2,17.3,
2024-06-18,1265.0,Mullaitivu,27.2,,2.0,13.9,29.4
2024-06-19,1266.0,Puttalam,24.5,73.3,,21.7,
2024-06-20,1267.0,Badulla,17.7,65.4,1.9,11.8,
2024-06-21,1268.0,Ratnapura,26.8,70.9,0.0,24.3,
2024-06-22,1269.0,Kegalle,27.6,84.2,0.0,16.4,31.7
2024-06-23,1270.0,Galle,30.1,82.2,0.0,21.4,38.6
2024-06-24,1271.0,Anuradhapura,26.6,68.6,1.3,15.6,
2024-06-25,1272.0,Nuwara Eliya,16.2,62.6,0.0,11.1,
2024-06-26,1273.0,Polonnaruwa,,65.7,0.0,13.7,
2024-06-27,1274.0,Ratnapura,23.3,75.2,,8.1,
2024-06-28,1275.0,Colombo,25.0,77.2,0.0,14.4,
2024-06-29,1276.0,Ampara,25.4,71.7,3.3,15.9,
2024-06-30,1277.0,,25.2,69.4,3.5,15.2,
2024-07-01,1278.0,,18.2,60.7,0.0,,
2024-07-02,1279.0,Kurunegala,25.8,70.5,13.8,14.3,
2024-07-03,1280.0,,28.7,66.3,1.0,5.5,31.5
2024-07-04,1281.0,Ampara,27.0,67.8,6.3,30.0,28.7
2024-07-05,1282.0,Galle,27.0,80.9,8.0,11.5,29.8
2024-07-06,1283.0,Ampara,26.5,60.6,22.3,19.8,
2024-07-07,1284.0,Anuradhapura,27.2,64.9,0.0,7.5,28.7
2024-07-08,1285.0,Hambantota,28.2,,1.0,16.2,30.1
2024-07-09,1286.0,Ampara,25.7,58.7,1.2,11.0,
2024-07-10,1287.0,Anuradhapura,26.0,66.4,9.1,5.0,
2024-07-11,1288.0,Badulla,17.5,75.1,,13.6,
2024-07-12,1289.0,Badulla,16.0,57.7,0.0,14.7,
2024-07-13,1290.0,Matara,25.8,74.9,3.9,13.9,
2024-07-14,1291.0,,26.3,67.6,4.3,16.2,
2024-07-15,1292.0,Galle,28.3,75.5,0.0,13.7,32.1
2024-07-16,1293.0,Colombo,27.4,,0.0,15.3,30.0
2024-07-17,1294.0,Vavuniya,,59.8,12.4,15.9,28.5
2024-07-18,1295.0,Moneragala,28.3,65.9,2.5,14.8,30.7
2024-07-19,1296.0,Puttalam,,62.0,4.9,14.1,
2024-07-20,1297.0,Ratnapura,27.6,66.3,27.8,10.5,29.5
2024-07-21,1298.0,Puttalam,26.8,69.8,2.7,,
2024-07-22,1299.0,Ampara,27.4,,0.0,13.6,29.4
2024-07-23,1300.0,Vavuniya,26.1,65.2,0.0,13.2,
2024-07-24,1301.0,Batticaloa,23.3,65.9,0.0,17.6,
2024-07-25,1302.0,Matara,26.8,,0.0,16.1,
2024-07-26,1303.0,Puttalam,29.1,65.9,0.0,11.5,32.2
2024-07-27,1304.0,Kurunegala,28.4,68.6,2.6,21.3,31.2
2024-07-28,1305.0,Colombo,28.4,73.8,,9.1,32.1
2024-07-29,1306.0,Mannar,28.9,70.3,0.0,9.8,32.6
2024-07-30,1307.0,Puttalam,27.1,66.3,0.0,18.3,28.7
2024-07-31,1308.0,,27.3,65.8,0.0,23.8,29.0
2024-08-01,1309.0,Kurunegala,27.1,60.4,6.0,12.1,28.2
2024-08-02,1310.0,Gampaha,27.5,76.7,0.0,17.1,30.5
2024-08-03,1311.0,Badulla,19.9,62.2,0.0,9.0,
2024-08-04,1312.0,Ampara,29.8,63.0,1.5,10.4,33.0
2024-08-05,1313.0,Kurunegala,27.8,62.2,6.0,20.7,29.4
2024-08-06,1314.0,Nuwara Eliya,18.3,61.2,0.0,16.8,
2024-08-07,1315.0,Puttalam,28.0,74.0,15.3,20.8,31.2
2024-08-08,1316.0,Kandy,19.9,70.8,0.0,20.4,
2024-08-09,1317.0,Colombo,25.8,83.2,6.6,5.0,
2024-08-10,1318.0,Matara,24.6,70.6,3.2,9.0,
2024-08-11,1319.0,,27.2,65.8,0.0,16.4,28.8
2024-08-12,,Galle,26.2,70.3,19.0,6.5,
2024-08-13,1321.0,Kalutara,27.2,,0.0,9.7,29.5
2024-08-14,1322.0,Jaffna,27.8,61.8,0.0,22.1,29.3
2024-08-15,1323.0,Jaffna,27.3,70.5,0.0,,29.4
2024-08-16,,Puttalam,30.2,,5.2,18.6,34.1
2024-08-17,1325.0,Mannar,28.5,69.8,0.0,14.9,31.6
2024-08-18,1326.0,Gampaha,28.5,77.9,0.0,11.6,33.0
2024-08-19,1327.0,Colombo,28.9,84.7,0.0,6.7,35.5
,1328.0,Moneragala,26.3,59.6,0.0,16.2,
2024-08-21,1329.0,Moneragala,29.6,70.5,9.1,22.3,34.2
2024-08-22,1330.0,Kurunegala,27.9,70.1,0.0,11.7,30.5
2024-08-23,1331.0,Galle,29.0,71.6,0.0,,33.0
2024-08-24,1332.0,,26.4,79.5,15.5,7.4,
2024-08-25,1333.0,Colombo,25.7,,7.8,11.6,
2024-08-26,1334.0,,29.2,74.6,4.3,16.7,34.1
2024-08-27,1335.0,Moneragala,28.6,62.2,0.5,18.7,30.7
2024-08-28,1336.0,Kalutara,26.6,72.6,0.0,17.8,
2024-08-29,1337.0,Ratnapura,26.7,,,5.0,
2024-08-30,,Moneragala,29.7,65.5,6.0,12.7,33.3
2024-08-31,1339.0,Matara,26.2,78.6,0.0,10.2,
2024-09-01,1340.0,Badulla,22.2,64.0,10.9,13.5,
2024-09-02,1341.0,Kegalle,27.4,74.1,0.0,14.4,30.0
2024-09-03,1342.0,Trincomalee,29.7,71.5,13.9,,34.7
2024-09-04,1343.0,Matale,19.2,61.8,3.7,16.5,
2024-09-05,1344.0,Kalutara,29.6,75.5,9.1,22.1,
2024-09-06,1345.0,Puttalam,27.9,67.3,4.9,11.5,30.1
2024-09-07,1346.0,Colombo,28.5,77.6,5.7,7.9,32.9
2024-09-08,1347.0,Trincomalee,28.8,66.5,0.0,22.3,31.7
2024-09-09,1348.0,Matara,27.2,78.8,3.2,17.2,30.1
2024-09-10,1349.0,Gampaha,29.8,80.0,0.0,11.3,37.1
2024-09-11,1350.0,Kalutara,28.0,80.1,0.0,17.2,32.1
2024-09-12,1351.0,Ratnapura,28.4,73.3,14.9,19.2,
2024-09-13,1352.0,Mannar,27.2,66.1,0.0,15.6,28.8
2024-09-14,1353.0,Ratnapura,24.9,82.0,0.0,11.4,
2024-09-15,1354.0,Mannar,28.4,70.8,,12.8,31.6
2024-09-16,1355.0,Kilinochchi,32.4,61.7,5.3,16.5,38.6
2024-09-17,1356.0,Batticaloa,29.9,68.6,0.0,16.0,34.5
2024-09-18,1357.0,Kandy,19.7,59.3,0.0,21.1,
2024-09-19,1358.0,Anuradhapura,28.3,67.4,0.0,13.6,30.9
2024-09-20,1359.0,Matale,19.8,,1.4,10.2,
2024-09-21,1360.0,Badulla,20.6,63.4,0.0,27.9,
2024-09-22,1361.0,Polonnaruwa,27.0,63.9,1.7,15.9,28.4
2024-09-23,,Mannar,30.4,70.3,0.0,19.2,36.1
2024-09-24,1363.0,Moneragala,29.8,61.0,0.0,17.6,32.6
2024-09-25,1364.0,Batticaloa,29.8,64.7,3.8,15.9,33.4
2024-09-26,1365.0,Kurunegala,29.4,69.6,0.0,13.9,33.5
2024-09-27,1366.0,Galle,28.8,74.7,15.3,5.0,33.1
2024-09-28,1367.0,Jaffna,29.7,66.3,0.0,9.7,33.5
2024-09-29,1368.0,Galle,29.6,80.2,4.9,16.6,
2024-09-30,1369.0,Colombo,28.2,78.9,13.0,5.0,32.4
2024-10-01,1370.0,Moneragala,28.1,70.7,0.0,15.4,31.0
2024-10-02,1371.0,Polonnaruwa,29.2,68.3,0.0,18.3,32.8
2024-10-03,1372.0,Puttalam,31.3,71.1,0.0,19.2,38.8
2024-10-04,1373.0,Batticaloa,27.1,69.2,5.9,18.0,29.0
2024-10-05,1374.0,Puttalam,26.8,71.5,1.7,19.8,
2024-10-06,1375.0,Kandy,20.2,67.7,7.4,23.0,
2024-10-07,1376.0,Kurunegala,29.1,68.9,14.8,,32.7
2024-10-08,1377.0,,29.3,75.7,0.0,16.0,34.6
2024-10-09,1378.0,Colombo,29.4,79.5,0.0,14.3,35.8
2024-10-10,1379.0,,28.7,66.4,0.0,15.6,31.5
2024-10-11,1380.0,Matale,22.2,65.2,0.0,13.6,
2024-10-12,1381.0,Anuradhapura,26.6,70.7,0.0,20.6,
2024-10-13,1382.0,Kilinochchi,27.8,70.5,0.6,17.9,30.3
2024-10-14,1383.0,Jaffna,28.8,72.8,4.1,13.1,32.8
2024-10-15,1384.0,Gampaha,26.5,77.9,5.0,21.6,
2024-10-16,1385.0,Kalutara,28.7,81.3,0.0,13.5,34.2
2024-10-17,1386.0,Moneragala,31.5,71.8,5.1,,39.6
2024-10-18,1387.0,Moneragala,29.0,71.4,,14.9,33.0
2024-10-19,1388.0,,29.3,66.3,0.1,10.9,32.7
2024-10-20,1389.0,Anuradhapura,27.1,70.2,0.0,19.7,29.0
2024-10-21,1390.0,,,71.1,0.0,10.8,
2024-10-22,1391.0,,19.4,69.7,0.0,14.4,
2024-10-23,1392.0,,19.5,61.3,0.0,19.7,
2024-10-24,1393.0,Hambantota,30.9,70.3,3.9,11.4,37.4
2024-10-25,1394.0,Gampaha,29.8,88.5,0.0,17.1,39.5
2024-10-26,1395.0,Polonnaruwa,,68.2,0.0,10.1,29.2
2024-10-27,1396.0,Mullaitivu,29.4,66.7,6.1,16.2,33.0
2024-10-28,1397.0,Kalutara,29.7,81.1,7.0,17.8,37.1
2024-10-29,1398.0,Anuradhapura,30.7,70.9,1.4,14.8,37.1
2024-10-30,1399.0,Badulla,22.4,74.4,1.3,15.2,
2024-10-31,1400.0,,27.5,64.6,0.0,17.2,29.2
2024-11-01,1401.0,Ratnapura,27.5,85.1,0.0,13.6,31.5
2024-11-02,1402.0,Ampara,26.8,74.5,0.0,19.4,
2024-11-03,1403.0,Jaffna,28.4,71.6,1.8,21.9,31.7
2024-11-04,1404.0,Ratnapura,29.4,83.5,12.5,10.4,36.8
2024-11-05,1405.0,Mannar,30.2,76.3,0.0,23.8,
2024-11-06,1406.0,Moneragala,28.6,75.7,0.9,13.5,32.9
2024-11-07,1407.0,Ampara,28.3,67.6,0.0,25.0,30.9
2024-11-08,1408.0,Kurunegala,,75.5,6.1,13.6,33.8
2024-11-09,1409.0,Puttalam,27.5,71.9,0.0,18.5,
2024-11-10,1410.0,Ampara,31.9,72.5,0.0,,41.0
2024-11-11,1411.0,Mannar,26.3,72.5,6.3,13.1,
2024-11-12,1412.0,Hambantota,29.0,71.6,15.0,15.4,33.0
2024-11-13,1413.0,Matara,,87.0,2.2,,46.7
2024-11-14,1414.0,Gampaha,28.7,81.9,0.0,13.4,34.3
2024-11-15,1415.0,Vavuniya,28.4,67.7,0.0,12.9,31.1
2024-11-16,,Kegalle,28.2,80.6,,9.2,32.7
2024-11-17,1417.0,Galle,28.5,82.9,,22.8,
2024-11-18,1418.0,Hambantota,,77.1,1.4,,39.2
2024-11-19,1419.0,Badulla,16.4,74.6,12.4,21.0,
2024-11-20,1420.0,Badulla,22.0,68.8,0.0,12.0,
2024-11-21,1421.0,Kilinochchi,26.6,82.1,0.1,20.8,
2024-11-22,1422.0,Mannar,28.3,73.2,1.8,19.0,31.7
2024-11-23,1423.0,Kandy,19.1,77.3,,13.9,
2024-11-24,1424.0,Vavuniya,29.6,71.6,0.0,11.3,34.4
2024-11-25,1425.0,Gampaha,26.3,84.3,16.8,11.7,
2024-11-26,1426.0,,29.4,75.5,4.9,11.7,34.8
2024-11-27,1427.0,Matale,22.8,77.1,7.5,,
2024-11-28,,Kilinochchi,26.7,,10.2,15.8,
2024-11-29,1429.0,,20.0,75.7,0.0,9.4,
2024-11-30,1430.0,Kurunegala,27.7,70.9,6.2,13.7,30.2
2024-12-01,1431.0,Polonnaruwa,28.6,71.9,2.3,14.3,32.2
2024-12-02,1432.0,Jaffna,28.0,75.5,0.0,5.0,31.4
2024-12-03,1433.0,Kandy,18.0,77.9,0.0,14.0,
2024-12-04,1434.0,Hambantota,28.7,,,18.6,32.7
2024-12-05,1435.0,Nuwara Eliya,21.7,78.4,3.5,14.3,
2024-12-06,1436.0,Gampaha,27.7,90.0,0.0,16.3,32.8
2024-12-07,1437.0,Ampara,29.1,70.5,1.5,17.4,33.0
2024-12-08,1438.0,Matale,17.1,70.8,0.0,13.3,
2024-12-09,1439.0,Kegalle,,83.6,2.9,18.7,
2024-12-10,1440.0,Nuwara Eliya,19.7,75.4,0.0,22.3,
2024-12-11,1441.0,Mullaitivu,30.2,72.0,0.0,7.4,36.0
2024-12-12,1442.0,Moneragala,28.5,79.6,2.2,13.3,33.3
2024-12-13,1443.0,Polonnaruwa,27.5,75.8,3.1,26.6,30.4
2024-12-14,1444.0,Jaffna,28.0,74.3,0.0,,31.3
2024-12-15,1445.0,Badulla,17.1,68.4,0.0,14.8,
2024-12-16,1446.0,Polonnaruwa,28.9,68.9,,,32.3
2024-12-17,1447.0,Kegalle,29.3,85.3,,21.4,36.9
2024-12-18,1448.0,Nuwara Eliya,18.3,65.6,10.7,10.3,
2024-12-19,1449.0,Matara,27.3,,5.6,,31.4
2024-12-20,1450.0,Gampaha,28.4,83.5,19.3,13.6,33.8
2024-12-21,,Mullaitivu,27.3,,2.6,11.3,31.2
2024-12-22,1452.0,Vavuniya,27.9,83.4,0.0,13.8,32.4
2024-12-23,1453.0,Kegalle,31.1,83.4,10.8,14.8,42.5
2024-12-24,1454.0,Polonnaruwa,27.6,73.7,6.6,12.5,30.3
2024-12-25,1455.0,Galle,27.5,88.1,0.0,20.6,31.9
2024-12-26,1456.0,Jaffna,27.0,,0.0,11.3,29.8
2024-12-27,1457.0,Vavuniya,29.1,67.6,0.0,15.7,32.5
2024-12-28,1458.0,Ampara,27.7,67.0,0.0,17.7,29.8
2024-12-29,1459.0,,27.0,71.7,3.6,15.6,29.0
2024-12-30,,Mannar,30.0,76.5,3.7,18.9,36.7
2024-12-31,1461.0,Gampaha,30.1,86.1,1.3,12.8,39.8
2025-01-01,1462.0,Badulla,17.1,79.3,14.6,18.1,
2025-01-02,1463.0,,24.2,70.2,1.0,18.3,
2025-01-03,1464.0,Colombo,28.5,75.7,4.4,19.8,32.6
2025-01-04,1465.0,Puttalam,26.0,78.4,0.0,5.6,
2025-01-05,1466.0,Polonnaruwa,28.2,71.7,0.0,17.5,31.3
2025-01-06,1467.0,Kandy,15.0,66.9,3.7,19.5,
2025-01-07,,Puttalam,28.3,75.6,0.0,12.9,32.1
2025-01-08,1469.0,Polonnaruwa,25.2,78.2,0.0,12.3,
2025-01-09,1470.0,Kilinochchi,28.1,74.5,1.6,11.5,31.5
2025-01-10,1471.0,Matara,27.0,83.2,1.6,9.8,30.0
2025-01-11,1472.0,Kilinochchi,25.6,74.4,0.0,18.3,
2025-01-12,1473.0,Kandy,17.4,73.5,13.7,26.4,
2025-01-13,1474.0,Ampara,28.0,69.6,2.8,12.2,30.6
2025-01-14,1475.0,,27.2,82.1,0.0,12.7,30.4
2025-01-15,1476.0,Matara,27.9,87.1,0.0,15.1,33.0
2025-01-16,1477.0,Kalutara,30.0,,5.2,7.0,39.5
2025-01-17,1478.0,Badulla,15.7,75.7,0.0,11.5,
2025-01-18,1479.0,,29.4,81.0,0.0,14.7,36.1
2025-01-19,1480.0,Moneragala,27.2,74.3,1.8,10.5,
2025-01-20,1481.0,Trincomalee,25.7,66.3,9.1,21.0,
2025-01-21,1482.0,Ratnapura,25.0,85.7,0.0,8.5,
2025-01-22,1483.0,Badulla,17.7,80.7,0.0,19.5,
2025-01-23,1484.0,Badulla,19.4,,0.0,22.3,
2025-01-24,1485.0,Matale,17.8,72.6,38.9,,
2025-01-25,1486.0,Ratnapura,29.3,86.3,0.0,14.3,37.2
2025-01-26,1487.0,Colombo,24.8,90.0,19.5,16.2,
2025-01-27,1488.0,Kandy,18.0,73.2,15.2,12.8,
2025-01-28,,Trincomalee,25.1,72.2,0.0,5.0,
2025-01-29,1490.0,Anuradhapura,27.5,67.1,5.2,10.1,29.4
2025-01-30,1491.0,Puttalam,28.3,75.4,17.8,14.9,
2025-01-31,1492.0,Kalutara,26.4,93.2,18.3,10.3,
2025-02-01,1493.0,Anuradhapura,,75.6,0.0,12.9,
2025-02-02,1494.0,Kilinochchi,26.3,74.4,5.5,17.4,
2025-02-03,1495.0,Ampara,,75.8,5.5,15.7,
2025-02-04,1496.0,Vavuniya,26.6,74.5,18.9,20.3,
2025-02-05,1497.0,Kilinochchi,,71.2,0.0,16.5,30.6
2025-02-06,1498.0,Gampaha,24.4,87.8,1.7,16.8,
2025-02-07,1499.0,Hambantota,27.0,75.4,0.0,11.4,
2025-02-08,1500.0,Gampaha,27.8,84.6,,8.3,32.3
